ID Serie;ID Actor
1;1
1;2
1;3
1;4
2;5
2;6
2;7
2;8
3;9
3;10
3;11
3;12
4;13
4;14
4;15
4;16
5;17
5;18
5;19
5;20
6;21
6;22
6;23
6;24
7;25
7;26
7;27
7;28
8;29
8;30
8;31
8;32
9;33
9;34
9;35
9;36
10;37
10;38
10;39
10;40
11;41
11;42
11;43
11;44
12;45
12;46
12;47
12;48
13;49
13;50
13;51
13;52
14;53
14;54
14;55
14;56
15;57
15;58
15;59
15;60
16;61
16;62
16;63
16;64
17;65
17;66
17;67
17;68
18;69
18;70
18;71
18;72
19;73
19;74
19;75
19;76
20;77
20;78
20;79
20;80
21;81
21;82
21;83
21;84
22;85
22;86
22;87
22;88
23;89
23;90
23;91
23;92
24;93
24;94
24;95
24;96
25;97
25;98
25;99
25;100
26;101
26;102
26;103
26;104
27;105
27;106
27;107
27;108
28;109
28;110
28;111
28;112
29;113
29;114
29;115
29;116
30;117
30;22
30;118
30;119
31;120
31;121
31;122
31;123
32;124
32;125
32;126
32;127
33;132
33;133
33;134
33;135
34;136
34;137
34;138
34;139
35;140
35;141
35;142
35;143
36;144
36;145
36;146
36;147
37;97
37;148
37;149
37;150
38;151
38;152
38;153
38;154
39;155
39;156
39;157
39;158
40;159
40;160
40;161
40;162
41;163
41;164
41;165
41;166
42;167
42;168
42;169
42;170
43;171
43;172
43;173
43;174
44;175
44;176
44;177
44;178
45;179
45;180
45;181
45;182
46;183
46;184
46;185
46;186
47;187
47;188
47;189
47;190
48;191
48;192
48;193
48;194
49;195
49;196
49;197
49;198
50;199
50;200
50;201
50;202
51;203
51;204
51;205
51;206
52;207
52;208
52;209
52;210
53;211
53;212
53;84
53;213
54;214
54;215
54;216
54;217
55;218
55;219
55;220
55;221
56;222
56;223
56;224
56;225
57;226
57;227
57;228
57;229
58;230
58;231
58;232
58;233
59;234
59;235
59;236
59;237
60;238
60;239
60;240
60;241
61;242
61;243
61;244
61;245
62;246
62;247
62;238
62;248
63;249
63;250
63;251
63;252
64;253
64;254
64;255
64;256
65;257
65;258
65;176
65;259
66;260
66;261
66;262
66;263
67;264
67;265
67;266
67;267
68;268
68;269
68;270
68;271
69;276
69;277
69;278
69;279
70;284
70;285
70;286
70;287
71;288
71;289
71;290
71;291
72;292
72;293
72;294
72;295
73;296
73;297
73;298
73;299
74;300
74;301
74;302
74;303
75;304
75;305
75;306
75;307
76;171
76;308
76;309
76;310
77;311
77;312
77;313
77;314
78;269
78;319
78;320
78;321
79;322
79;323
79;324
79;325
80;326
80;327
81;328
81;329
82;330
82;331
83;332
83;333
84;334
84;335
85;336
85;337
86;338
86;339
87;340
87;341
88;342
88;343
89;344
89;345
90;346
90;347
91;348
91;349
92;135
92;350
93;353
93;354
94;355
94;283
95;356
95;357
96;358
96;359
97;360
97;361
98;362
98;363
99;364
99;365
100;366
100;367
101;368
101;82
102;369
102;370
103;371
103;372
104;373
104;374
105;375
105;376
106;377
106;378
107;379
107;380
108;381
108;382
109;383
109;384
110;385
110;386
111;387
111;388
112;389
112;390
113;391
113;392
114;393
114;394
115;395
115;396
116;397
116;398
117;399
117;400
118;401
118;402
119;403
119;404
120;405
120;406
121;407
121;408
122;409
122;410
123;411
123;412
124;413
124;414
125;415
125;416
126;417
126;418
127;419
127;420
128;421
128;422
129;423
129;6
130;424
130;425
131;426
131;427
132;428
132;429
133;430
133;431
134;432
134;433
135;434
135;435
136;436
136;437
137;438
137;439
138;440
138;441
139;444
139;445
140;446
140;447
141;448
141;449
142;450
142;451
143;452
143;453
144;454
144;455
145;456
145;457
146;458
146;459
147;460
147;461
148;462
148;463
149;464
149;465
150;466
150;467
151;468
151;469
152;472
152;473
153;474
153;475
154;476
154;477
155;478
155;479
156;176
156;480
157;481
157;482
158;483
158;484
158;485
158;486
159;487
159;488
160;280
160;489
161;490
161;491
162;492
162;493
163;45
163;494
164;495
164;496
165;497
165;498
166;499
166;500
167;501
167;502
168;503
168;504
169;505
169;506
170;507
170;508
171;509
171;510
172;511
172;512
173;513
173;514
173;515
173;516
174;517
174;518
175;519
175;520
176;521
176;522
177;523
177;524
178;525
178;526
179;527
179;528
180;529
180;530
181;531
181;532
181;533
181;534
182;535
182;536
183;537
183;538
184;539
184;540
185;541
185;542
186;543
186;544
187;545
187;546
188;547
188;548
189;549
189;550
190;551
190;552
191;553
191;554
192;149
192;555
193;556
193;557
194;558
194;559
195;560
195;561
196;444
196;562
197;563
197;564
198;565
198;566
199;471
199;567
200;568
200;569
201;570
201;571
202;572
202;573
203;574
203;575
204;576
204;577
205;580
205;581
206;582
206;583
207;584
207;585
208;588
208;329
209;589
209;590
210;591
210;592
211;593
211;594
212;597
212;598
213;601
213;602
214;603
214;604
215;605
215;606
216;539
216;540
217;609
217;610
218;611
218;612
219;613
219;614
220;615
220;616
221;617
221;618
222;619
222;620
223;621
223;622
224;623
224;624
225;625
225;626
226;627
226;628
227;629
227;630
228;631
228;632
229;633
229;634
230;635
230;636
230;637
230;638
231;639
231;640
232;641
232;642
233;643
233;644
234;645
234;646
235;647
235;648
236;649
236;650
237;651
237;652
238;653
238;654
239;655
239;656
240;657
240;235
241;658
241;659
242;660
242;661
243;662
243;663
244;664
244;665
245;666
245;667
246;668
246;669
247;670
247;671
248;668
248;672
249;673
249;674
250;675
250;676
251;677
251;678
252;679
252;680
253;681
253;682
254;683
254;684
255;685
255;407
256;686
256;687
257;688
257;689
258;692
258;693
259;694
259;695
260;696
260;697
261;698
261;699
262;700
262;701
263;702
263;703
264;704
264;705
265;706
265;707
266;708
266;709
267;710
267;589
268;711
268;712
269;713
269;714
270;715
270;716
271;236
271;717
272;718
272;719
273;720
273;721
274;722
274;723
275;724
275;725
276;726
276;460
277;727
277;728
278;729
278;730
279;731
279;732
280;733
280;734
281;737
281;738
282;741
282;742
283;743
283;589
284;744
284;745
285;746
285;747
286;748
286;749
287;750
287;751
288;752
288;753
289;754
289;755
290;756
290;757
291;758
291;759
292;760
292;761
293;762
293;763
294;764
294;765
295;766
295;767
296;768
296;769
297;770
297;771
298;772
298;773
299;774
299;775
300;776
300;777
301;778
301;779
302;780
302;781
303;782
303;69
304;783
304;784
305;785
305;786
306;787
306;788
307;789
307;790
308;791
308;729
309;792
309;793
310;794
310;470
311;795
311;796
312;797
312;258
313;798
313;799
314;800
314;801
315;802
315;803
316;804
316;805
317;806
317;152
318;807
318;808
319;809
319;810
320;811
320;812
321;813
321;814
322;815
322;816
323;817
323;818
324;819
324;820
325;821
325;822
326;823
326;824
327;825
327;826
328;329
328;827
329;828
329;829
330;830
330;831
331;832
331;833
332;834
332;835
333;402
333;836
334;837
334;838
335;839
335;840
336;841
336;842
337;843
337;844
338;845
338;846
339;590
339;847
340;848
340;849
341;850
341;851
342;668
342;852
343;670
343;853
344;854
344;855
345;856
345;857
346;858
346;859
347;860
347;861
348;862
348;863
349;864
349;865
350;866
350;867
351;868
351;869
352;870
352;871
353;872
353;873
354;874
354;875
355;548
355;876
356;877
356;878
357;879
357;419
358;880
358;881
359;882
359;883
360;884
360;885
361;886
361;887
362;890
362;891
363;892
363;893
364;894
364;895
365;69
365;896
366;897
366;898
367;899
367;502
368;900
368;901
369;902
369;903
370;904
370;905
371;906
371;907
372;908
372;909
373;910
373;911
374;912
374;913
375;914
375;125
376;917
376;918
377;919
377;920
378;921
378;922
379;923
379;924
380;925
380;926
381;927
381;928
382;929
382;930
383;931
383;932
384;933
384;934
385;935
385;936
386;937
386;938
387;939
387;940
388;941
388;942
389;447
389;943
390;944
390;945
391;946
391;947
392;821
392;948
393;949
393;950
394;951
394;952
395;953
395;954
396;955
396;956
397;957
397;958
398;959
398;960
399;961
399;962
400;963
400;964
401;965
401;966
402;967
402;968
403;969
403;970
404;971
404;972
405;973
405;574
406;974
406;975
407;976
407;977
408;978
408;979
409;980
409;981
410;982
410;983
411;984
411;985
412;986
412;987
413;988
413;989
414;990
414;991
415;992
415;993
416;994
416;239
417;995
417;996
418;997
418;860
419;1000
419;1001
420;1002
420;1003
421;1004
421;1005
422;1006
422;1007
423;1008
423;1009
424;1010
424;1011
425;1012
425;1013
426;1014
426;1015
427;1018
427;1019
428;1020
428;1021
428;1022
428;1023
429;1024
429;1025
430;1026
430;1027
431;1028
431;1029
432;1030
432;1031
433;1032
433;1033
434;1034
434;1035
435;687
435;1036
436;1037
436;1038
436;1039
436;1040
437;1041
437;1042
438;1043
438;1044
439;1045
439;1046
440;1047
440;1048
441;1049
441;1050
442;1051
442;1052
443;1053
443;712
444;1054
444;1055
445;1056
445;1057
446;1058
446;1059
447;1060
447;1061
448;1062
448;1063
449;1064
449;577
450;713
450;1065
451;1066
451;1067
452;1068
452;1069
453;193
453;574
454;1070
454;1071
455;1072
455;1073
456;1074
456;1011
457;1075
457;1076
458;1077
458;1078
459;1079
459;1080
460;1081
460;1082
461;1083
461;1084
462;1085
462;1086
463;1087
463;1088
464;1089
464;1090
465;1091
465;1092
466;193
466;1093
467;86
467;1094
468;1095
468;1096
469;1097
469;1098
470;1099
470;1100
471;1101
471;1102
472;1103
472;1104
473;1105
473;1106
474;1107
474;70
475;1108
475;1109
476;1110
476;1111
477;1112
477;1113
478;1114
478;1115
479;1116
479;1117
480;1118
480;1119
481;1120
481;1069
482;1121
482;1122
483;1123
483;1124
484;1125
484;1126
485;1127
485;1128
486;1129
486;1130
487;1131
487;1132
488;85
488;1135
489;1136
489;1137
490;111
490;1138
491;1139
491;1140
492;1141
492;1142
493;1145
493;1146
494;737
494;1147
495;1150
495;1151
496;1152
496;1153
497;1154
497;998
498;1155
498;1156
499;1157
499;1158
500;1159
500;1160
501;1161
501;869
502;1162
502;1163
503;1166
503;1167
504;1168
504;1169
505;1170
505;1171
506;1172
506;1173
507;1176
507;1177
508;1178
508;1179
509;1180
509;1181
510;1182
510;1183
511;1184
511;1182
512;877
512;1185
513;1186
513;1187
514;534
514;1188
515;1189
515;1190
516;1191
516;1192
517;1193
517;1194
518;259
518;857
519;1195
519;1196
520;1197
520;1198
521;1199
521;1200
522;1201
522;1202
523;1203
523;1204
524;1205
524;1206
525;1207
525;1208
526;1209
526;384
527;1210
527;1211
528;1212
528;1213
529;883
529;1214
530;1215
530;1216
531;1217
531;1218
532;1219
532;1220
533;1221
533;1222
534;1223
534;1224
535;1225
535;1226
536;1227
536;553
537;1228
537;1229
538;1230
538;1231
539;1232
539;1233
540;1234
540;1235
541;1236
541;1237
542;1238
542;1098
543;1239
543;1240
544;1241
544;1242
545;1243
545;1244
546;1245
546;1246
547;1247
547;1248
548;1249
548;1250
549;1251
549;1252
550;1253
550;1254
551;1255
551;1256
552;1257
552;1258
553;1259
553;1260
554;638
554;1261
555;1262
555;1263
556;1264
556;1265
557;1266
557;1267
558;1268
558;1269
559;1270
559;1271
560;1272
560;1273
561;1274
561;1275
562;1276
562;1277
563;1278
563;1279
564;1280
564;1281
565;898
565;1282
566;1283
566;1284
567;1285
567;1286
568;1287
568;260
569;1288
569;1289
570;1290
570;1291
571;1292
571;1293
572;1294
572;1295
573;1296
573;1297
574;1298
574;1299
575;1302
575;351
576;1303
576;317
577;1304
577;1305
578;508
578;1306
579;1307
579;1308
580;1309
580;1310
581;1311
581;1312
582;1313
582;1314
583;486
583;1315
584;830
584;1316
585;86
585;1317
586;617
586;1318
587;1319
587;1320
588;1321
588;422
589;1322
589;1323
590;1324
590;752
591;1266
591;1325
592;1326
592;1327
592;1328
592;1329
593;1330
593;1331
594;1332
594;1333
595;1334
595;1335
596;1336
596;1337
597;1338
597;1339
598;1340
598;1341
599;1342
599;1343
600;444
600;1344
601;1093
601;756
602;409
602;690
603;1345
603;1346
604;1347
604;1348
605;1349
605;1350
606;1351
606;1352
607;1353
607;1354
608;1355
608;1170
609;1356
609;1357
610;1358
610;1359
611;1360
611;1361
612;1362
612;1363
613;1364
613;1365
614;1366
614;1367
615;1368
615;1369
616;1370
616;1371
617;1372
617;1373
618;1374
618;1375
619;1376
619;1377
620;1378
620;1379
621;1380
621;1381
622;1382
622;1383
623;1384
623;1385
624;1386
624;1387
625;1388
625;1389
626;1390
626;1391
627;1392
627;1393
628;1394
628;816
629;1395
629;1396
630;1397
630;1398
631;1399
631;1400
632;1401
632;1402
633;1009
633;1403
634;1404
634;1405
635;1406
635;1407
636;1408
636;1409
637;1410
637;1411
638;1412
638;1413
639;1414
639;1415
640;1416
640;1417
641;1418
641;1419
642;1420
642;1421
643;1422
643;1423
644;1424
644;1425
645;1426
645;1427
646;1428
646;1429
647;1430
647;563
648;1431
648;1432
649;1433
649;1434
650;1133
650;1435
650;259
650;857
651;1436
651;1437
651;1438
651;1439
652;1440
652;1441
652;1442
652;1443
653;1444
653;1445
653;1446
653;1447
654;1448
654;1449
654;1450
654;1451
655;1452
655;1453
655;1454
655;1455
656;1456
656;603
656;1457
656;1458
657;1459
657;1460
657;1461
657;1462
658;1463
658;1464
658;1465
658;1466
659;1467
659;1468
659;1065
659;1469
660;1470
660;1471
660;1472
660;1473
661;1474
661;1475
661;675
661;1476
662;1477
662;1478
662;1479
662;1480
663;1481
663;1482
663;1483
663;1484
664;1485
664;1486
664;1487
664;1488
665;1489
665;1490
665;1491
665;1492
666;1493
666;1494
666;1495
666;1496
667;1497
667;1498
667;1499
667;1500
668;1501
668;1502
668;1503
668;1504
669;1505
669;257
669;1506
669;1507
670;1508
670;574
670;1050
670;257
671;1509
671;1510
671;1350
671;1121
672;1511
672;1512
672;1513
672;1514
673;1515
673;1516
673;281
673;1517
674;1518
674;1519
674;1520
674;1521
675;989
675;1522
675;1523
675;1524
676;1525
676;1526
676;1527
676;1528
677;1529
677;619
677;1530
677;1531
678;1532
678;1533
678;1534
678;1535
679;502
679;116
679;1536
679;1537
680;857
680;1538
680;1539
680;1540
681;1541
681;1542
681;1543
681;179
682;1544
682;1545
682;1546
682;1547
683;1548
683;1549
683;1550
683;1551
684;54
684;1552
684;1553
684;1554
685;1555
685;1556
685;1557
685;1558
686;327
686;1559
686;1560
686;1561
687;1510
687;1562
687;1563
687;1564
688;1565
688;1566
688;1567
688;1568
689;199
689;1569
689;701
689;1570
690;1571
690;1572
690;1573
690;1574
691;1575
691;1576
691;1577
691;1578
692;1579
692;1580
692;1581
692;1261
693;1582
693;1583
693;1584
693;264
694;27
694;1585
694;1586
694;1587
695;1588
695;1589
695;1590
695;1591
696;1592
696;1593
696;1594
696;1595
697;617
697;1596
697;422
697;1597
698;1598
698;1599
698;1600
698;1601
699;1602
699;1603
699;1604
699;1605
700;1606
700;1607
700;1608
700;1609
701;1610
701;1611
701;1612
701;1613
702;1614
702;1615
702;1616
702;1617
703;1618
703;1619
703;1620
703;1621
704;1622
704;1623
704;1624
704;1625
705;1626
705;1627
705;1628
705;1629
706;394
706;1630
706;1631
706;1632
707;1633
707;1634
707;1635
707;1636
708;1637
708;1638
708;1639
708;1640
709;1641
709;1642
709;1643
709;1584
710;1644
710;1645
710;1646
710;1647
711;1648
711;1649
711;1650
711;1651
712;1652
712;1653
712;1654
712;1655
713;1656
713;1657
713;1658
713;1659
714;1660
714;1661
714;1662
714;1663
715;1664
715;1510
715;1665
715;1666
716;1667
716;1668
716;1669
716;1670
717;1671
717;1672
717;1673
717;1674
718;1675
718;1350
718;1676
718;574
719;1677
719;1678
719;1679
719;1680
720;1681
720;1682
720;1683
720;1684
721;1685
721;1686
721;1687
721;1688
722;1050
722;574
722;1689
722;1690
723;1691
723;1692
723;1693
723;1694
724;543
724;1695
724;1696
724;1697
725;344
725;1698
725;1699
725;1700
726;1701
726;870
726;1702
726;1703
727;1704
727;1705
727;124
727;1706
728;1707
728;1708
728;1709
728;1710
729;1711
729;1712
729;1713
729;1714
730;1715
730;973
730;1716
730;1717
731;1718
731;1719
731;1720
731;1721
732;1722
732;1723
732;1724
732;1725
733;1726
733;1727
733;1728
733;1729
734;1730
734;1731
734;1732
734;1733
735;1734
735;1435
735;1735
735;1736
736;42
736;1737
736;1738
736;1424
737;1739
737;1740
737;1741
737;1742
738;1743
738;1744
738;857
738;1745
739;1746
739;1747
739;1748
739;1749
740;1750
740;1751
740;554
740;1752
741;1753
741;1754
741;1755
741;1756
742;1761
742;1762
742;1763
742;1764
743;1765
743;1766
743;1767
743;1768
744;620
744;1769
744;1770
744;1771
745;1772
745;1773
745;1774
745;1775
746;1776
746;1777
746;1778
746;1779
747;1780
747;1781
747;1782
747;959
748;1520
748;1783
748;1784
748;1785
749;1786
749;1787
749;1788
749;1789
750;1689
750;1676
750;191
750;1790
751;1791
751;1792
751;1793
751;1794
752;1795
752;1796
752;1797
752;1798
753;1799
753;1800
753;315
753;1801
754;1802
754;1803
754;1804
754;1805
755;1806
755;1807
755;1808
755;1809
756;1810
756;1811
756;1812
756;1813
757;1814
757;1815
757;1816
757;1817
758;1818
758;1819
758;1820
758;1821
759;1822
759;35
759;1823
759;797
760;1824
760;629
760;1825
760;1826
761;1827
761;1828
761;1829
761;1830
762;1831
762;1832
762;1833
762;1834
763;1835
763;1836
763;1837
763;1838
764;1839
764;1840
764;1841
764;1842
765;1163
765;1843
765;1133
765;1844
766;1845
766;1846
766;1847
766;1848
767;1849
767;1850
767;1851
767;1852
768;1853
768;1854
768;1082
768;647
769;1855
769;1856
769;1857
769;1858
770;1859
770;1860
770;1861
770;1862
771;1863
771;1864
771;1865
771;1866
772;1867
772;1868
772;1869
772;1870
773;257
773;1871
773;1872
773;1873
774;1874
774;1875
774;1876
774;1877
775;1878
775;1879
775;1880
775;1881
776;1869
776;1882
776;1883
776;1884
777;1885
777;1886
777;1887
777;1888
778;1238
778;1098
778;1889
778;575
779;5
779;1890
779;753
779;1891
780;1892
780;1893
780;1894
780;1895
781;1538
781;259
781;1539
781;1508
782;191
782;1896
782;1292
782;1293
783;1897
783;1898
783;1001
783;1899
784;1900
784;1901
784;1902
784;1903
785;297
785;1904
785;682
785;1905
786;1906
786;1907
786;1908
786;1909
787;1910
787;722
787;1911
787;1912
788;1913
788;1914
788;1915
788;1916
789;1917
789;1918
789;1919
789;1920
790;1822
790;1921
790;1922
790;976
791;1923
791;1924
791;1925
791;1926
792;1927
792;1928
792;1929
792;1930
793;674
793;982
793;1931
793;1932
794;1933
794;1934
794;1935
794;1936
795;1937
795;1938
795;1939
795;1940
796;1941
796;1942
796;1943
796;1944
797;1945
797;1946
797;1947
797;1948
798;1949
798;1950
798;1951
798;1952
799;1953
799;1954
799;1955
799;1956
800;1957
800;1229
800;1958
800;1959
801;1960
801;1961
801;1962
801;1963
802;707
802;664
802;1964
802;1965
803;1966
803;1967
803;1968
803;1969
804;1815
804;1970
804;1971
804;1972
805;1973
805;1974
805;1975
805;1976
806;1977
806;1978
806;986
806;1979
807;1980
807;194
807;1981
807;1982
808;1983
808;1984
808;1985
808;1986
809;1987
809;1988
809;1989
809;1990
810;1994
810;1995
810;1996
810;1997
811;1998
811;1999
811;2000
811;2001
812;2002
812;2003
812;2004
812;2005
813;2006
813;2007
813;2008
813;2009
814;2010
814;2011
814;2012
814;2013
815;2014
815;2015
815;2016
815;2017
816;2018
816;686
816;2019
816;2020
817;1933
817;2021
817;2022
818;2023
818;2024
818;2025
818;2026
819;2027
819;2028
819;1932
819;2029
820;2030
820;2031
820;2032
820;2033
821;2034
821;2035
821;2036
821;2037
822;2038
822;2039
822;2040
822;2041
823;2042
823;2043
823;2044
823;2045
824;2046
824;2047
824;175
824;2048
825;2049
825;474
825;2050
825;2051
826;246
826;2052
826;2053
826;2054
827;2055
827;1394
827;2056
827;2057
828;2062
828;2063
828;2064
828;2065
829;2066
829;2067
829;2068
829;915
830;2069
830;2070
830;2071
830;2072
831;2073
831;398
831;1074
831;2074
832;2075
832;900
832;2076
832;2077
833;2078
833;2079
833;2080
833;2081
834;1341
834;2082
834;2083
834;2084
835;2085
835;2086
835;2087
835;2088
836;2089
836;857
836;2090
836;2091
837;2092
837;2093
837;2094
837;857
838;2095
838;2096
838;2097
838;2098
839;2099
839;2100
839;2101
839;2102
840;2103
840;2104
840;2105
840;2106
841;2107
841;2108
841;2109
841;2110
842;2111
842;2112
842;2113
842;2114
843;2115
843;2116
843;2117
843;2118
844;2119
844;2120
844;2121
844;2122
845;258
845;2123
845;822
845;2124
846;2125
846;2126
846;2127
846;2128
847;2129
847;737
847;2130
848;1331
848;2131
848;2132
848;2133
849;2136
849;759
849;2137
849;2138
850;648
850;2139
850;2140
850;2141
851;2142
851;2143
851;2144
851;2145
852;2146
852;110
852;2147
852;2148
853;1774
853;2149
854;2150
854;2151
854;2152
854;2153
855;2154
855;2155
855;1151
855;2156
856;2157
856;1350
856;1363
856;2158
857;2159
857;2160
857;2161
857;2162
858;2163
858;2164
858;2165
858;2166
859;2167
859;2168
859;2169
859;2170
860;2171
860;2172
860;2173
860;336
861;2174
861;2175
861;2176
861;2177
862;2178
862;2179
862;2180
862;2181
863;2182
863;2183
863;2184
863;2185
864;2186
864;2187
864;2188
864;2189
865;2190
865;2191
865;2192
865;2193
866;2194
866;2195
866;2196
866;2197
867;2198
867;2199
867;2200
867;2201
868;469
868;2202
868;2203
868;2204
869;2205
869;2206
869;2207
869;2208
870;2209
870;2210
870;2211
870;2212
871;2213
871;2214
871;2215
871;2216
872;2217
872;2218
872;2219
872;2220
873;2221
873;2222
873;2223
873;2224
874;2225
874;2226
874;2227
874;2228
875;2229
875;2230
875;2231
875;2232
876;2233
876;2234
876;2235
876;2236
877;2237
877;2238
877;2239
877;2240
878;1615
878;1614
878;2241
878;1617
879;2242
879;2243
879;2244
879;2245
880;2246
880;2247
880;2248
880;2249
881;2250
881;1975
881;2251
881;804
882;2256
882;2257
882;2258
882;2259
883;2260
883;2261
883;2262
883;2263
884;2264
884;2265
884;2266
884;2267
885;2268
885;2269
885;2270
885;2271
886;2272
886;2273
886;2274
886;2275
887;2276
887;2277
887;2278
887;2279
888;1508
888;1164
888;856
888;2280
889;70
889;2281
889;2282
889;2283
890;2284
890;1075
890;2285
890;2286
891;268
891;2287
891;2288
891;2289
892;2290
892;2291
892;502
892;1688
893;2292
893;2293
893;2294
893;2295
894;2296
894;2297
894;2298
894;2299
895;2300
895;1597
895;2301
895;1687
896;2302
896;973
896;2303
896;509
897;2304
897;2129
897;737
897;2305
898;2306
898;2307
898;2308
898;2309
899;2310
899;2311
899;2312
899;2313
900;2314
900;2315
900;2316
900;2317
901;2318
901;2319
901;822
901;857
902;2320
902;2321
902;2322
902;2323
903;2324
903;2325
903;2326
903;2327
904;2328
904;2329
904;2330
904;2331
905;2332
905;2333
905;2334
905;2335
906;279
906;987
906;2336
906;2337
907;713
907;2338
907;2339
907;2340
908;2341
908;2342
908;2343
908;315
909;2344
909;2345
909;2346
909;2347
910;262
910;2348
910;2349
910;2350
911;2351
911;529
911;2352
911;2353
912;2354
912;2355
912;2356
912;2357
913;2358
913;2359
913;996
913;2360
914;2361
914;746
914;2362
914;2363
915;2364
915;2365
915;2366
915;2367
916;2368
916;2369
916;2370
916;2371
917;2375
917;2376
917;2377
917;2378
918;602
918;2379
918;2380
918;2381
919;308
919;2382
919;2383
919;2384
920;2385
920;2386
920;2387
920;2388
921;2389
921;2390
921;2391
921;2392
922;2393
922;2394
922;2395
922;2396
923;307
923;2397
923;2398
923;2399
924;2400
924;2401
924;2402
924;2403
925;2404
925;2405
925;2406
925;2407
926;2410
926;2411
926;2412
926;2413
927;2414
927;2415
927;1035
927;2416
928;2417
928;2418
928;2419
928;2420
929;1580
929;2421
929;2174
929;2157
930;2422
930;100
930;2423
930;2424
931;2425
931;2426
931;2427
931;2428
932;2429
932;1593
932;2167
932;2430
933;2431
933;2432
933;2433
933;2434
934;2276
934;2435
934;2436
934;574
935;1510
935;1027
935;2437
935;2438
936;2439
936;2440
936;1351
936;2441
937;322
937;2442
937;5
937;2443
938;84
938;2436
938;574
938;2444
939;2208
939;2445
939;2446
939;2447
940;2448
940;2449
940;2450
940;2451
941;2452
941;2453
941;2454
941;2455
942;2456
942;2457
942;2458
942;512
943;2459
943;2460
943;2461
943;2462
944;2463
944;2464
944;2465
944;2466
945;2467
945;2468
945;2388
945;1508
946;2469
946;2470
946;2471
946;904
947;2472
947;2473
947;2474
947;2475
948;2429
948;2476
948;2477
948;2478
949;2479
949;2480
949;2481
949;2482
950;2483
950;2484
950;2485
950;2486
951;2487
951;2488
951;2489
951;2490
952;2491
952;2492
952;2493
952;2494
953;2495
953;2496
953;2497
953;2498
954;1503
954;2499
954;2500
954;1945
955;1033
955;1225
955;2501
955;2502
956;2503
956;2504
956;2505
956;2506
957;973
957;2507
957;2508
957;191
958;2509
958;2510
958;2511
958;2512
959;2513
959;2514
959;2515
959;2516
960;2517
960;2518
960;2519
960;2520
961;2521
961;2522
961;2523
961;2524
962;2525
962;2526
962;2527
962;2528
963;2529
963;2530
963;2531
963;2532
964;2533
964;2534
964;2535
964;2536
965;2537
965;927
965;2538
965;2539
966;27
966;2251
966;201
966;2540
967;2541
967;2158
967;2542
967;2543
968;2544
968;2545
968;2546
968;2547
969;2548
969;2549
969;2550
969;2551
970;2552
970;2553
970;2554
970;2555
971;2559
971;2560
971;2561
971;2562
972;2567
972;1168
972;2568
972;2569
973;2570
973;2082
973;1769
973;2571
974;2572
974;2573
974;2574
974;2575
975;2576
975;2577
975;1120
975;2578
976;1245
976;2579
976;2580
976;2581
977;2582
977;2583
977;2584
977;2585
978;2074
978;2586
978;2587
978;2588
979;2589
979;2590
979;2591
979;2592
980;119
980;8
980;2593
980;2594
981;2595
981;2596
981;2597
981;2598
982;2603
982;2604
982;2605
982;2606
983;2607
983;2608
983;2609
983;2610
984;2586
984;2611
984;2283
984;2612
985;2613
985;2614
985;2615
985;2616
986;2617
986;2618
986;2619
986;2620
987;2621
987;2622
987;2623
987;2624
988;2625
988;2626
988;2627
988;2628
989;2629
989;2630
989;2631
989;2632
990;2633
990;2634
990;2635
990;2636
991;2637
991;2638
991;704
991;2639
992;2640
992;2641
992;2288
992;2642
993;2643
993;2644
993;2645
993;2646
994;2647
994;2648
994;2649
994;43
995;2312
995;2650
995;2651
995;2652
996;2653
996;402
996;2654
996;2655
997;2656
997;2657
997;2658
997;2659
998;2660
998;2661
998;2662
998;1512
999;2663
999;2664
999;2665
999;2666
1000;2667
1000;2668
1000;2669
1000;2670
1001;2038
1001;2039
1001;2040
1001;2671
1002;2672
1002;2673
1002;2674
1002;2675
1003;2676
1003;2677
1003;2678
1003;2679
1004;2680
1004;2681
1004;121
1004;2594
1005;2682
1005;2683
1005;2684
1005;2685
1006;2686
1006;2687
1006;2688
1006;2689
1007;2690
1007;69
1007;2691
1007;2692
1008;2693
1008;1117
1008;2694
1008;2695
1009;2696
1009;2697
1009;2614
1009;2698
1010;2699
1010;1456
1010;2700
1010;2701
1011;2702
1011;2703
1011;2704
1011;2705
1012;2706
1012;2707
1012;2708
1012;2709
1013;2710
1013;2023
1013;2711
1013;2712
1014;2713
1014;2714
1014;2715
1014;2716
1015;2717
1015;2718
1015;2719
1015;2720
1016;2721
1016;2722
1016;1826
1016;2723
1017;2724
1017;2725
1017;2726
1017;2727
1018;329
1018;2728
1018;2729
1018;2730
1019;1522
1019;2731
1019;2732
1019;989
1020;2733
1020;2734
1020;2735
1020;208
1021;2736
1021;2737
1021;2738
1021;2739
1022;2740
1022;470
1022;1414
1022;2741
1023;2744
1023;2745
1023;2746
1023;2747
1024;2748
1024;1502
1024;2749
1024;2750
1025;2751
1025;2752
1025;2753
1025;2754
1026;2755
1026;2756
1026;2757
1026;2758
1027;228
1027;2759
1027;2760
1027;2761
1028;2762
1028;2763
1028;2764
1028;2765
1029;841
1029;2766
1029;2767
1029;2768
1030;2769
1030;1592
1030;2770
1030;2771
1031;161
1031;2772
1031;2773
1031;2774
1032;2775
1032;2776
1032;2777
1032;2778
1033;2779
1033;2780
1033;2781
1033;2782
1034;2783
1034;2784
1034;2785
1034;2786
1035;2787
1035;2788
1035;2789
1035;2790
1036;2791
1036;2792
1036;2793
1036;2794
1037;2795
1037;2796
1037;2797
1037;2798
1038;2799
1038;2800
1038;2520
1038;2801
1039;2802
1039;2803
1039;2804
1039;883
1040;2805
1040;2806
1040;2807
1040;1675
1041;1689
1041;2808
1041;259
1041;2809
1042;2810
1042;2811
1042;2812
1042;2813
1043;2814
1043;2206
1043;2815
1043;2816
1044;2817
1044;2818
1044;2067
1044;2819
1045;2820
1045;2821
1045;2822
1045;2823
1046;2824
1046;2825
1046;2826
1046;2827
1047;2828
1047;2829
1047;2119
1047;2830
1048;2831
1048;2832
1048;2833
1048;2834
1049;1133
1049;857
1049;1508
1049;2835
1050;2836
1050;2837
1050;2838
1050;2839
1051;1108
1051;2840
1051;2841
1051;2842
1052;2843
1052;2844
1052;2845
1052;2846
1053;2480
1053;2479
1053;2847
1053;2482
1054;2848
1054;2849
1054;2850
1054;2851
1055;2709
1055;2852
1055;1227
1055;2853
1056;2854
1056;2855
1056;2856
1056;2857
1057;2858
1057;2859
1057;2860
1057;2861
1058;2862
1058;1034
1058;258
1058;973
1059;2863
1059;2864
1059;2143
1059;2865
1060;2866
1060;2867
1060;2868
1060;2869
1061;2870
1061;2871
1061;2872
1061;2873
1062;184
1062;284
1062;2771
1062;2874
1063;782
1063;69
1063;2875
1063;2876
1064;2877
1064;2878
1064;2879
1064;2880
1065;1874
1065;2881
1065;2882
1065;2883
1066;2884
1066;1328
1066;2885
1066;2886
1067;737
1067;2887
1067;2888
1067;833
1068;929
1068;2889
1068;2890
1068;2891
1069;2892
1069;2893
1069;2894
1069;2895
1070;2896
1070;2897
1070;2898
1070;2899
1071;2900
1071;2901
1071;2902
1071;2903
1072;2904
1072;2905
1072;2906
1072;2907
1073;2908
1073;2909
1073;2910
1073;2911
1074;2912
1074;2913
1074;618
1074;2914
1075;2915
1075;2916
1075;2647
1075;2917
1076;2579
1076;2918
1076;2748
1076;2919
1077;2920
1077;2921
1077;822
1077;2922
1078;216
1078;2923
1078;2924
1078;2925
1079;2926
1079;2707
1079;2927
1079;2928
1080;2929
1080;2930
1080;2931
1080;2932
1081;2937
1081;2938
1081;2939
1081;2940
1082;2941
1082;2942
1082;2943
1082;2944
1083;2945
1083;264
1083;2946
1083;2947
1084;2948
1084;2949
1084;1646
1084;2950
1085;2951
1085;2952
1085;2953
1085;2954
1086;2955
1086;2956
1086;2957
1086;2319
1087;2958
1087;2959
1087;2960
1087;2961
1088;2313
1088;2962
1088;2641
1088;2963
1089;2964
1089;2965
1089;2966
1089;2967
1090;2968
1090;2969
1090;2970
1090;2971
1091;2972
1091;2973
1091;2974
1091;2975
1092;2976
1092;2977
1092;2978
1092;2979
1093;288
1093;1964
1093;2980
1093;2981
1094;1786
1094;2982
1094;2983
1094;2984
1095;2985
1095;2986
1095;2987
1095;2988
1096;2989
1096;2990
1096;2991
1096;2992
1097;2993
1097;2994
1097;2995
1097;2996
1098;987
1098;2997
1098;2998
1098;2999
1099;3000
1099;3001
1099;460
1099;3002
1100;3003
1100;3004
1100;3005
1100;3006
1101;3007
1101;130
1101;3008
1101;3009
1102;183
1102;185
1102;3010
1102;2038
1103;470
1103;3011
1103;3012
1103;3013
1104;1236
1104;3014
1104;3015
1104;3016
1105;2828
1105;3017
1105;276
1105;3018
1106;3019
1106;3020
1106;3021
1106;3022
1107;55
1107;3023
1107;1655
1107;3024
1108;3025
1108;988
1108;758
1108;1688
1109;3026
1109;3027
1109;618
1109;987
1110;1743
1110;3028
1110;3029
1110;3030
1111;3031
1111;3032
1111;3033
1111;3034
1112;3035
1112;3036
1112;3037
1112;1806
1113;3038
1113;3039
1113;3040
1113;3041
1114;2870
1114;3042
1114;3043
1114;3044
1115;3045
1115;3046
1115;3047
1115;3048
1116;895
1116;2302
1116;3049
1116;832
1117;3050
1117;3051
1117;3052
1117;3053
1118;3054
1118;3055
1118;3056
1118;3057
1119;3058
1119;3059
1119;1458
1119;3060
1120;840
1120;3061
1120;1350
1120;3062
1121;3063
1121;3064
1121;3065
1121;3066
1122;3067
1122;3068
1122;3069
1122;3070
1123;3071
1123;3072
1123;3073
1123;3074
1124;3012
1124;3075
1124;108
1124;3076
1125;3077
1125;1301
1125;3078
1125;708
1126;1580
1126;1337
1126;3079
1126;3080
1127;3081
1127;3082
1127;3083
1127;2692
1128;3084
1128;3085
1128;3086
1128;3087
1129;3088
1129;3089
1129;3090
1129;3091
1130;3092
1130;3093
1130;3094
1130;3095
1131;3096
1131;3097
1131;3098
1131;3099
1132;3100
1132;3101
1132;3102
1132;3103
1133;3104
1133;3105
1133;120
1133;3106
1134;3107
1134;3108
1134;3109
1134;3110
1135;3111
1135;3112
1135;3113
1135;3114
1136;3115
1136;3116
1136;3117
1136;3118
1137;3119
1137;3120
1137;3121
1137;3122
1138;3123
1138;3124
1138;1094
1138;459
1139;1598
1139;3125
1139;1600
1139;3126
1140;3127
1140;3128
1140;3129
1140;3130
1141;3131
1141;1953
1141;3132
1141;3133
1142;3134
1142;841
1142;3135
1142;3136
1143;3137
1143;3138
1143;3139
1143;3140
1144;2537
1144;3141
1144;3142
1144;3143
1145;3144
1145;2552
1145;3145
1145;1350
1146;1519
1146;785
1146;3146
1146;3147
1147;3148
1147;3149
1147;3150
1147;3151
1148;421
1148;3152
1148;544
1148;3153
1149;3154
1149;3155
1149;3024
1149;3156
1150;1014
1150;3157
1150;3158
1150;3159
1151;1341
1151;3160
1151;3161
1151;3162
1152;762
1152;3163
1152;3164
1152;3165
1153;3166
1153;3167
1153;3168
1153;3169
1154;3170
1154;1482
1154;3171
1154;3172
1155;1689
1155;856
1155;3173
1155;3174
1156;3175
1156;271
1156;3176
1156;3177
1157;3178
1157;3179
1157;3180
1157;3181
1158;3182
1158;3183
1158;3184
1158;3185
1159;3186
1159;3187
1159;3188
1159;3189
1160;3190
1160;3191
1160;3192
1160;3193
1161;174
1161;3194
1161;3195
1161;3196
1162;3197
1162;3198
1162;722
1162;3199
1163;3200
1163;2926
1163;3201
1163;3202
1164;3203
1164;3204
1164;3205
1164;3206
1165;3207
1165;2993
1165;220
1165;3208
1166;3209
1166;3210
1166;3211
1166;3212
1167;3213
1167;2129
1167;3214
1167;3215
1168;3216
1168;3217
1168;3218
1168;3219
1169;3220
1169;3221
1169;2100
1169;3222
1170;3223
1170;3224
1170;3225
1170;3226
1171;3227
1171;3228
1171;3229
1171;3230
1172;2173
1172;3231
1172;3232
1172;3233
1173;3234
1173;1351
1173;3235
1173;3236
1174;1641
1174;3237
1174;3238
1174;3239
1175;3240
1175;3241
1175;3242
1175;3243
1176;2412
1176;1620
1176;3244
1176;3245
1177;3246
1177;2886
1177;3247
1177;3248
1178;899
1178;3249
1178;3250
1178;3251
1179;3252
1179;3253
1179;3254
1179;3255
1180;262
1180;3256
1180;1542
1180;3257
1181;3262
1181;3081
1181;3263
1181;3264
1182;3265
1182;3266
1182;903
1182;1266
1183;3267
1183;2641
1183;2640
1183;3268
1184;3269
1184;3270
1184;3271
1185;3272
1185;3273
1185;639
1185;1019
1186;3274
1186;2994
1186;3275
1186;3276
1187;3277
1187;3278
1187;3279
1187;3280
1188;3281
1188;1011
1188;3282
1188;3283
1189;3284
1189;1426
1189;3285
1189;3286
1190;3287
1190;3288
1190;3289
1190;3290
1191;3291
1191;3292
1191;3293
1191;3294
1192;3295
1192;3296
1192;3297
1192;3298
1193;3299
1193;3300
1193;3301
1193;3302
1194;3303
1194;3304
1194;3305
1194;3306
1195;3307
1195;3308
1195;3309
1195;3310
1196;3311
1196;3312
1196;3313
1196;3314
1197;3315
1197;3316
1197;3317
1197;3318
1198;3319
1198;3320
1198;3174
1198;3321
1199;3322
1199;3323
1199;3324
1199;3325
1200;3326
1200;3327
1200;3328
1200;3329
1201;3330
1201;3331
1201;3332
1201;3333
1202;3334
1202;3335
1202;3336
1202;3337
1203;3338
1203;3339
1203;3340
1203;3341
1204;3342
1204;3343
1204;85
1204;857
1205;3344
1205;3345
1205;3346
1205;3347
1206;3348
1206;3349
1206;3350
1206;3351
1207;3352
1207;3353
1207;3354
1207;3355
1208;3356
1208;3357
1208;3358
1208;3359
1209;502
1209;3360
1209;1097
1209;3361
1210;3362
1210;3363
1210;3364
1210;3365
1211;3366
1211;3367
1211;1498
1211;3368
1212;2643
1212;3369
1212;3370
1212;3371
1213;3372
1213;3373
1213;3374
1213;1349
1214;3375
1214;329
1214;3376
1214;3377
1215;3378
1215;3379
1215;3380
1215;3381
1216;305
1216;3382
1216;3383
1216;3384
1217;2769
1217;3385
1217;3386
1217;3387
1218;3388
1218;3389
1218;3390
1218;3391
1219;3392
1219;3393
1219;3394
1219;3395
1220;2418
1220;3396
1220;3397
1220;3398
1221;3399
1221;3400
1221;3401
1221;3402
1222;3101
1222;139
1222;3403
1222;3404
1223;3405
1223;3406
1223;3407
1223;3408
1224;2191
1224;3409
1224;3410
1224;3411
1225;3412
1225;3413
1225;3414
1225;3415
1226;2625
1226;2626
1226;2627
1226;2628
1227;3416
1227;3417
1227;3418
1227;1237
1228;3419
1228;3420
1228;897
1228;3421
1229;3422
1229;3423
1229;3424
1229;3425
1230;2251
1230;3426
1230;3427
1230;3428
1231;2149
1231;3429
1231;3319
1231;2280
1232;3430
1232;3431
1232;3432
1232;3433
1233;3434
1233;3435
1233;3436
1233;3437
1234;3438
1234;3439
1234;3440
1234;3441
1235;3442
1235;3443
1235;3444
1235;3445
1236;3446
1236;3447
1236;3448
1236;3449
1237;3450
1237;3451
1237;3452
1237;3453
1238;2138
1238;3454
1238;3455
1238;759
1239;3456
1239;3457
1239;3458
1239;3459
1240;3460
1240;2095
1240;3461
1240;3462
1241;3463
1241;1205
1241;3464
1241;2925
1242;1431
1242;3465
1242;3466
1242;3467
1243;1205
1243;799
1243;3468
1243;3469
1244;3470
1244;3471
1244;3472
1244;3473
1245;3474
1245;3475
1245;3476
1245;3477
1246;3107
1246;3478
1246;3479
1246;2989
1247;3480
1247;3481
1247;3482
1247;3483
1248;2046
1248;1033
1248;3484
1248;3485
1249;3486
1249;3487
1249;3083
1249;3488
1250;3489
1250;3490
1250;3491
1250;3492
1251;1774
1251;1120
1251;1069
1251;3493
1252;2046
1252;3494
1252;3495
1252;3496
1253;3497
1253;3498
1253;3499
1253;3500
1254;3501
1254;3502
1254;151
1254;3503
1255;3504
1255;3505
1255;3506
1255;3507
1256;3508
1256;3509
1256;3510
1256;3511
1257;3512
1257;3513
1257;3514
1257;3515
1258;2287
1258;3516
1258;3517
1258;322
1259;3518
1259;1904
1259;3519
1259;2886
1260;3520
1260;3521
1260;2752
1260;3522
1261;3523
1261;3524
1261;3525
1261;3526
1262;3527
1262;3528
1262;3529
1262;2552
1263;349
1263;3530
1263;559
1263;3531
1264;3532
1264;3533
1264;3534
1264;742
1265;3535
1265;3536
1265;1401
1265;3537
1266;3538
1266;426
1266;3539
1266;3540
1267;3541
1267;3542
1267;3036
1267;3543
1268;3544
1268;3545
1268;3546
1268;3547
1269;3548
1269;3549
1269;3550
1269;3551
1270;3552
1270;2293
1270;3553
1270;3257
1271;3554
1271;3555
1271;3556
1271;3557
1272;3558
1272;3559
1272;3560
1272;3561
1273;2154
1273;3562
1273;3563
1273;3564
1274;1508
1274;1133
1274;3565
1274;3566
1275;3567
1275;2092
1275;3568
1275;3569
1276;3570
1276;1287
1276;3571
1276;3572
1277;3573
1277;3574
1277;3575
1277;3576
1278;3577
1278;3578
1278;1321
1278;3579
1279;3580
1279;3581
1279;3582
1279;3583
1280;3584
1280;3585
1280;3586
1280;3587
1281;3588
1281;3589
1281;1875
1281;3590
1282;3591
1282;3592
1282;3593
1282;3594
1283;68
1283;3595
1283;1593
1283;3596
1284;1774
1284;2149
1284;3597
1284;1069
1285;3356
1285;3598
1285;174
1285;3599
1286;3600
1286;3601
1286;3602
1286;3603
1287;1846
1287;1415
1287;1175
1287;3604
1288;3605
1288;3606
1288;3607
1288;3608
1289;3609
1289;3610
1289;3611
1289;3612
1290;3613
1290;3614
1290;3615
1290;3616
1291;2975
1291;2119
1291;3617
1291;3618
1292;69
1292;3619
1292;633
1292;3620
1293;3621
1293;3622
1293;1508
1293;822
1294;3623
1294;3624
1294;3317
1294;3625
1295;857
1295;3626
1295;1350
1295;3627
1296;3628
1296;3629
1296;3630
1296;3631
1297;3632
1297;3633
1297;687
1297;3634
1298;3635
1298;3636
1298;3637
1298;3638
1299;2881
1299;3639
1299;1606
1299;3640
1300;3641
1300;3642
1300;3643
1300;3644
1301;2293
1301;3645
1301;2083
1301;3646
1302;782
1302;69
1302;3647
1302;3648
1303;3649
1303;3650
1303;3651
1303;2538
1304;3652
1304;3470
1304;3653
1304;2861
1305;3654
1305;3655
1305;3656
1305;3657
1306;3658
1306;3659
1306;3660
1306;3661
1307;3662
1307;3663
1307;3664
1307;3665
1308;3666
1308;3667
1308;3668
1308;3669
1309;168
1309;3670
1309;3671
1309;3672
1310;3673
1310;3674
1310;3675
1310;3676
1311;3677
1311;3678
1311;3679
1311;3680
1312;3681
1312;3682
1312;3683
1312;3684
1313;3685
1313;3686
1313;3687
1313;3688
1314;306
1314;3689
1314;3690
1314;3691
1315;3692
1315;3693
1315;3694
1315;3695
1316;35
1316;301
1316;3696
1316;3697
1317;3698
1317;3699
1317;3700
1317;3701
1318;1134
1318;3702
1318;1133
1318;1427
1319;3703
1319;3704
1319;3705
1319;3706
1320;3707
1320;3708
1320;3709
1320;3710
1321;3711
1321;3712
1321;3713
1321;3714
1322;3703
1322;3715
1322;1676
1322;3716
1323;2018
1323;3717
1323;3718
1323;3719
1324;3720
1324;3721
1324;3722
1324;3723
1325;3724
1325;337
1325;3725
1325;3713
1326;3726
1326;3727
1326;3728
1326;3729
1327;3730
1327;3731
1327;3732
1327;3733
1328;2581
1328;3734
1328;2762
1328;3735
1329;3410
1329;3736
1329;3737
1329;3738
1330;81
1330;3739
1330;3740
1330;3741
1331;16
1331;3742
1331;3743
1331;3744
1332;3745
1332;1865
1332;3746
1332;3747
1333;2198
1333;108
1333;2288
1333;3748
1334;3749
1334;3750
1334;3751
1334;1409
1335;3752
1335;3753
1335;3754
1335;3755
1336;769
1336;2539
1336;3756
1336;3757
1337;3758
1337;3759
1337;3760
1337;1900
1338;3761
1338;3762
1338;3763
1338;3764
1339;3765
1339;3766
1339;3767
1339;3768
1340;120
1340;3769
1340;3770
1340;3771
1341;3565
1341;741
1341;857
1341;3772
1342;3773
1342;3774
1342;3775
1342;3776
1343;3777
1343;1681
1343;3778
1343;1551
1344;3779
1344;3780
1344;3781
1344;3782
1345;3783
1345;3784
1345;1799
1345;3785
1346;3786
1346;3787
1346;3788
1346;3789
1347;3790
1347;3791
1347;3792
1347;3793
1348;680
1348;3794
1348;3795
1348;3796
1349;3797
1349;3798
1349;1701
1349;3799
1350;3800
1350;3801
1350;3802
1350;3803
1351;3214
1351;3804
1351;355
1351;3805
1352;3806
1352;3750
1352;3807
1352;3808
1353;3809
1353;3810
1353;3811
1353;3812
1354;3813
1354;3814
1354;3815
1354;3816
1355;2469
1355;3819
1355;3820
1355;3821
1356;3822
1356;1132
1356;3823
1356;3824
1357;3825
1357;3826
1357;3827
1357;3828
1358;3829
1358;638
1358;3830
1358;3831
1359;3832
1359;3833
1359;3834
1359;3835
1360;758
1360;3836
1360;3837
1360;3630
1361;3838
1361;3839
1361;564
1361;3300
1362;3840
1362;1133
1362;1889
1362;193
1363;3841
1363;3842
1363;2808
1363;3843
1364;3844
1364;3845
1364;3846
1364;3820
1365;874
1365;3847
1365;3848
1365;3849
1366;1050
1366;574
1366;822
1366;2922
1367;3850
1367;3851
1367;3852
1367;3853
1368;3854
1368;3855
1368;3856
1368;3857
1369;3858
1369;3859
1369;3860
1369;3861
1370;3864
1370;3865
1370;1964
1370;3866
1371;3867
1371;3868
1371;3869
1371;1030
1372;3870
1372;329
1372;3871
1372;3872
1373;3873
1373;3874
1373;3875
1373;3876
1374;3877
1374;3878
1374;3879
1374;3880
1375;3075
1375;3881
1375;985
1375;3882
1376;3883
1376;3884
1376;3885
1376;3886
1377;2681
1377;3887
1377;1102
1377;2540
1378;1066
1378;3888
1378;3889
1378;3890
1379;3891
1379;3892
1379;3893
1379;3894
1380;3895
1380;2078
1380;3896
1380;3897
1381;3898
1381;2504
1381;3899
1381;3900
1382;3171
1382;3901
1382;922
1382;3902
1383;3903
1383;3904
1383;3905
1383;3906
1384;3907
1384;3908
1384;3909
1384;3910
1385;3911
1385;2318
1385;700
1385;616
1386;6
1386;3912
1386;3913
1386;3914
1387;3915
1387;207
1387;3916
1387;3917
1388;3918
1388;3919
1388;3920
1388;3921
1389;3922
1389;3923
1389;3924
1389;2347
1390;2699
1390;925
1390;3925
1390;3926
1391;3643
1391;1483
1391;3927
1391;3928
1392;3929
1392;3930
1392;3931
1392;3932
1393;3933
1393;504
1393;3934
1393;3935
1394;3936
1394;3937
1394;3938
1394;3939
1395;3940
1395;3941
1395;3942
1395;3943
1396;2510
1396;1802
1396;3944
1396;3945
1397;3946
1397;3947
1397;3948
1397;1868
1398;3949
1398;3950
1398;3951
1398;3952
1399;3953
1399;3954
1399;3955
1399;3956
1400;3957
1400;1106
1400;3958
1400;3959
1401;3960
1401;3961
1401;3962
1401;3963
1402;483
1402;3964
1402;76
1402;564
1403;3965
1403;3966
1403;3967
1403;3968
1404;3969
1404;3970
1404;3971
1404;3972
1405;3973
1405;3974
1405;3975
1405;3976
1406;3977
1406;3978
1406;3979
1406;3980
1407;3981
1407;3982
1407;3983
1407;3984
1408;3985
1408;3986
1408;3987
1408;3988
1409;3989
1409;3990
1409;3991
1409;3992
1410;3993
1410;297
1410;3994
1410;3995
1411;1863
1411;3996
1411;3997
1411;3998
1412;1415
1412;3999
1412;4000
1412;4001
1413;857
1413;3626
1413;4002
1413;4003
1414;4004
1414;4005
1414;4006
1414;490
1415;350
1415;4007
1415;4008
1415;1249
1416;4009
1416;4010
1416;4011
1416;4012
1417;4013
1417;4014
1417;4015
1417;4016
1418;4017
1418;4018
1418;4016
1418;4019
1419;4020
1419;4021
1419;4022
1419;4023
1420;4024
1420;4025
1420;3394
1420;4026
1421;2414
1421;1796
1421;4027
1421;4028
1422;4029
1422;4030
1422;2092
1422;2031
1423;4031
1423;4032
1423;4033
1423;4034
1424;4035
1424;3988
1424;1015
1424;4036
1425;4037
1425;4038
1425;4039
1425;4040
1426;4041
1426;4042
1426;4043
1426;4044
1427;4045
1427;4046
1427;4047
1427;4048
1428;4049
1428;1426
1428;3644
1428;353
1429;4050
1429;4051
1429;4052
1429;4053
1430;36
1430;1425
1430;4054
1430;4055
1431;2321
1431;4056
1431;4057
1431;4058
1432;4059
1432;4060
1432;1181
1432;4061
1433;4062
1433;4063
1433;4064
1433;4065
1434;1941
1434;4066
1434;1942
1434;4067
1435;3628
1435;3629
1435;3631
1435;3630
1436;4068
1436;3490
1436;2207
1436;2283
1437;4069
1437;4070
1437;4071
1437;4072
1438;1973
1438;4073
1438;4074
1438;1543
1439;4075
1439;4076
1439;4077
1439;4078
1440;621
1440;4079
1440;4080
1440;4081
1441;1867
1441;4082
1441;905
1441;2420
1442;4084
1442;2205
1442;3948
1442;4085
1443;4086
1443;4087
1443;4088
1443;3005
1444;756
1444;2067
1444;4089
1444;4090
1445;1371
1445;3651
1445;4091
1445;4092
1446;1219
1446;84
1446;4093
1446;4094
1447;4095
1447;4096
1447;4097
1447;4098
1448;4099
1448;4100
1448;4101
1448;4102
1449;4103
1449;4104
1449;4105
1449;1774
1450;4106
1450;4107
1450;4108
1450;4109
1451;1133
1451;4110
1451;1508
1451;4111
1452;4112
1452;4113
1452;4114
1452;4115
1453;204
1453;4116
1453;3408
1453;4117
1454;4118
1454;2748
1454;4119
1454;2799
1455;4120
1455;4121
1455;4122
1455;4123
1456;4124
1456;4125
1456;1486
1456;4126
1457;3907
1457;4127
1457;4128
1457;4129
1458;4130
1458;3417
1458;4131
1458;4132
1459;4133
1459;4134
1459;4135
1459;4136
1460;4137
1460;4138
1460;4139
1460;4140
1461;4141
1461;4142
1461;4143
1461;4144
1462;2067
1462;258
1462;665
1462;191
1463;4145
1463;4146
1463;4147
1463;4148
1464;2318
1464;4149
1464;4150
1464;4151
1465;1786
1465;4152
1465;4153
1465;4154
1466;55
1466;4155
1466;4156
1466;4157
1467;4158
1467;4159
1467;4160
1467;4161
1468;747
1468;947
1468;2148
1468;4162
1469;4163
1469;2057
1469;4164
1469;4165
1470;45
1470;4166
1470;4167
1470;4168
1471;2428
1471;2078
1471;4169
1471;4170
1472;4171
1472;4172
1472;4173
1472;4174
1473;4175
1473;4176
1473;4177
1473;4178
1474;4179
1474;4180
1474;4181
1474;4182
1475;4183
1475;4184
1475;4185
1475;4186
1476;4187
1476;4188
1476;3565
1476;86
1477;4189
1477;2180
1477;4190
1477;4191
1478;4192
1478;4193
1478;4194
1478;4195
1479;4196
1479;4197
1479;4198
1479;4199
1480;4200
1480;4201
1480;4202
1480;4203
1481;4204
1481;3392
1481;4205
1481;4206
1482;4207
1482;4208
1482;4209
1482;3576
1483;4210
1483;4211
1483;4212
1483;4213
1484;1066
1484;1555
1484;4214
1484;4215
1485;4216
1485;4217
1485;4218
1485;4219
1486;4220
1486;4221
1486;4222
1486;983
1487;4223
1487;1463
1487;4224
1487;4225
1488;2011
1488;4226
1488;4227
1488;4228
1489;4229
1489;4230
1489;661
1489;4231
1490;178
1490;4232
1490;4233
1490;1810
1491;4234
1491;196
1491;644
1491;4235
1492;2533
1492;4236
1492;4237
1492;4238
1493;4239
1493;4240
1493;4241
1493;4242
1494;4243
1494;3096
1494;4045
1494;4244
1495;4245
1495;4246
1495;4247
1495;4248
1496;4252
1496;4253
1496;4254
1496;4255
1497;2173
1497;268
1497;4256
1497;4257
1498;4258
1498;160
1498;2770
1498;4259
1499;2190
1499;3589
1499;4260
1499;1218
1500;4261
1500;4262
1500;4263
1500;4264
1501;593
1501;4265
1501;4266
1501;4267
1502;4268
1502;4269
1502;4270
1502;4271
1503;619
1503;2926
1503;3570
1503;4272
1504;421
1504;4273
1504;4274
1504;4275
1505;4276
1505;4277
1505;2857
1505;4278
1506;1512
1506;4279
1506;4280
1506;3334
1507;4281
1507;3940
1507;4282
1507;4283
1508;4284
1508;3978
1508;4285
1508;4286
1509;4287
1509;4288
1509;4289
1509;4290
1510;2603
1510;4291
1510;4292
1510;4293
1511;4294
1511;4295
1511;4296
1511;4297
1512;4298
1512;4299
1512;4300
1512;4301
1513;4302
1513;4303
1513;4304
1513;2519
1514;3378
1514;4305
1514;4306
1514;4307
1515;4308
1515;2170
1515;110
1515;4243
1516;4309
1516;4310
1516;4311
1516;4312
1517;4313
1517;2157
1517;4314
1517;259
1518;4315
1518;4316
1518;4317
1518;4318
1519;4319
1519;4320
1519;4321
1519;4322
1520;4323
1520;1594
1520;3882
1520;3369
1521;4324
1521;4325
1521;4326
1521;4327
1522;4328
1522;4329
1522;4330
1522;4331
1523;472
1523;1729
1523;4332
1523;4333
1524;2693
1524;3197
1524;1003
1524;2808
1525;4334
1525;4335
1525;4336
1525;4337
1526;2301
1526;4338
1526;4339
1526;4340
1527;3988
1527;4341
1527;1229
1527;4342
1528;4343
1528;4344
1528;4345
1528;4346
1529;4347
1529;4348
1529;4349
1529;4350
1530;4351
1530;4352
1530;4353
1530;4354
1531;4355
1531;4295
1531;4356
1531;218
1532;4357
1532;4358
1532;4359
1532;4360
1533;4361
1533;2075
1533;299
1533;4362
1534;4363
1534;4364
1534;2178
1534;4365
1535;4366
1535;4367
1535;4368
1535;4369
1536;4370
1536;505
1536;506
1536;4371
1537;4372
1537;4373
1537;4374
1537;4375
1538;4376
1538;4377
1538;4378
1538;4379
1539;4380
1539;4381
1539;4382
1539;4383
1540;3936
1540;4384
1540;4385
1540;4386
1541;4387
1541;4388
1541;4389
1541;4390
1542;4391
1542;4392
1542;574
1542;3740
1543;4393
1543;4394
1543;433
1543;4395
1544;4396
1544;4397
1544;3798
1544;3512
1545;4398
1545;4399
1545;4400
1545;4401
1546;4402
1546;4403
1546;4404
1546;4405
1547;311
1547;220
1547;4406
1547;4407
1548;4408
1548;4409
1548;4410
1548;4411
1549;4412
1549;4413
1549;4414
1549;4415
1550;4416
1550;4417
1550;4418
1550;4419
1551;4420
1551;4421
1551;4422
1551;4423
1552;4424
1552;4425
1552;4426
1552;4427
1553;4428
1553;852
1553;545
1553;4429
1554;3232
1554;4430
1554;1135
1554;4431
1555;4432
1555;4433
1555;4434
1555;1947
1556;3721
1556;1223
1556;3605
1556;4435
1557;4436
1557;4437
1557;4438
1557;4439
1558;1336
1558;119
1558;4440
1558;4441
1559;4442
1559;4443
1559;4444
1559;4445
1560;4446
1560;4447
1560;4448
1560;4449
1561;4450
1561;1699
1561;4451
1561;4189
1562;4452
1562;4453
1562;4454
1562;3771
1563;4216
1563;4455
1563;3182
1563;4456
1564;2290
1564;191
1564;642
1564;1889
1565;4457
1565;4458
1565;4459
1565;4460
1566;4461
1566;4462
1566;4463
1566;4464
1567;4465
1567;4466
1567;4467
1567;4468
1568;4469
1568;1073
1568;4470
1568;4471
1569;4472
1569;4473
1569;4474
1569;4475
1570;4476
1570;4477
1570;4478
1570;4479
1571;4480
1571;4481
1571;4482
1571;4483
1572;4484
1572;4485
1572;1864
1572;4486
1573;1556
1573;4487
1573;993
1573;4488
1574;2937
1574;3147
1574;2580
1574;4489
1575;4490
1575;4491
1575;3484
1575;4492
1576;4493
1576;4494
1576;4495
1576;4496
1577;4497
1577;4498
1577;4499
1577;4500
1578;276
1578;4501
1578;4502
1578;2122
1579;4503
1579;4504
1579;4505
1579;4506
1580;2644
1580;3864
1580;4507
1580;4508
1581;4509
1581;4510
1581;4511
1581;1960
1582;1776
1582;4385
1582;4512
1582;4513
1583;4514
1583;4515
1583;4516
1583;4517
1584;2693
1584;3624
1584;2368
1584;4518
1585;4457
1585;4519
1585;4520
1585;4521
1586;4522
1586;4523
1586;4524
1586;4525
1587;4526
1587;4527
1587;4528
1587;4529
1588;1541
1588;4068
1588;4530
1588;334
1589;4531
1589;4532
1589;4533
1589;4534
1590;4535
1590;4536
1590;4537
1590;4538
1591;4539
1591;4540
1591;4541
1591;4542
1592;4543
1592;4544
1592;3017
1592;3454
1593;4545
1593;4546
1593;4547
1593;4548
1594;4549
1594;4550
1594;4551
1594;4552
1595;4553
1595;4554
1595;4555
1595;4556
1596;4557
1596;4558
1596;2011
1596;444
1597;665
1597;2735
1597;4559
1597;1715
1598;4560
1598;4561
1598;4562
1598;4563
1599;502
1599;4564
1599;3054
1599;4565
1600;4057
1600;4566
1600;4567
1600;4568
1601;4569
1601;4570
1601;4571
1601;4572
1602;4573
1602;4574
1602;4575
1602;4576
1603;4577
1603;4578
1603;4579
1603;2795
1604;4580
1604;4581
1604;4582
1604;4583
1605;4584
1605;4585
1605;4586
1605;4587
1606;4588
1606;1171
1606;4589
1606;4590
1607;1656
1607;898
1607;1249
1607;2888
1608;1371
1608;4591
1608;638
1608;4592
1609;2198
1609;4593
1609;4594
1609;4595
1610;2340
1610;3371
1610;4596
1610;4597
1611;4598
1611;4599
1611;4600
1611;4601
1612;4602
1612;4603
1612;3777
1612;4604
1613;4605
1613;4606
1613;4607
1613;4608
1614;4609
1614;4610
1614;4611
1614;4612
1615;4613
1615;1125
1615;4614
1615;4615
1616;134
1616;4616
1616;1074
1616;4301
1617;3166
1617;3167
1617;987
1617;3336
1618;14
1618;525
1618;4617
1618;1571
1619;4569
1619;4618
1619;1960
1619;211
1620;4619
1620;3662
1620;4620
1620;4621
1621;4622
1621;4623
1621;4624
1621;4625
1622;4626
1622;4627
1622;4628
1622;4629
1623;4630
1623;4631
1623;1716
1623;4632
1624;4633
1624;4634
1624;3361
1624;2825
1625;2163
1625;4635
1625;4636
1625;4637
1626;4638
1626;4291
1626;4639
1626;1820
1627;822
1627;4640
1627;1350
1627;574
1628;1852
1628;4641
1628;4642
1628;4643
1629;4644
1629;4645
1629;4646
1629;4647
1630;4648
1630;4649
1630;717
1630;4650
1631;4651
1631;103
1631;4652
1631;4653
1632;2491
1632;4654
1632;4655
1632;4656
1633;4657
1633;4658
1633;4659
1633;4660
1634;4661
1634;3742
1634;4662
1634;4663
1635;2809
1635;3784
1635;4664
1635;1790
1636;4665
1636;4666
1636;4667
1636;4668
1637;4669
1637;4670
1637;4671
1637;4672
1638;3807
1638;3808
1638;4673
1638;4674
1639;4675
1639;4676
1639;1820
1639;4677
1640;2710
1640;4678
1640;4679
1640;4680
1641;4681
1641;4682
1641;4683
1641;4684
1642;4685
1642;243
1642;4686
1642;2540
1643;4687
1643;4688
1643;2976
1643;4689
1644;4690
1644;4691
1644;4692
1644;3060
1645;372
1645;4693
1645;3445
1645;4694
1646;4695
1646;4696
1646;4697
1646;4698
1647;4699
1647;4700
1647;4701
1647;4702
1648;4703
1648;142
1648;4704
1648;4705
1649;4706
1649;3525
1649;4707
1649;4708
1650;4709
1650;4710
1650;4711
1650;4712
1651;4713
1651;4714
1651;4715
1651;4716
1652;4717
1652;4718
1652;4719
1652;4720
1653;3720
1653;4721
1653;4722
1653;3704
1654;3933
1654;4723
1654;4724
1654;4725
1655;4726
1655;4727
1655;4728
1655;4729
1656;4730
1656;4731
1656;2044
1656;4732
1657;4733
1657;4734
1657;4735
1657;4736
1658;4737
1658;4738
1658;4739
1658;4740
1659;4741
1659;4742
1659;378
1659;4743
1660;1897
1660;2998
1660;4744
1660;4745
1661;3976
1661;4746
1661;4747
1661;4748
1662;4749
1662;830
1662;243
1662;2807
1663;4750
1663;574
1663;4751
1663;4752
1664;4753
1664;4754
1664;4755
1664;4756
1665;3474
1665;4757
1665;4758
1665;4759
1666;4760
1666;4761
1666;4762
1666;4763
1667;4764
1667;4765
1667;4766
1667;4767
1668;4768
1668;4769
1668;1353
1668;4770
1669;4771
1669;4772
1669;4773
1669;4774
1670;4775
1670;4776
1670;4777
1670;4778
1671;4779
1671;1688
1671;4780
1671;4340
1672;4781
1672;4782
1672;4783
1672;4784
1673;4785
1673;3334
1673;821
1673;4786
1674;4787
1674;4788
1674;4789
1674;4790
1675;4791
1675;4792
1675;2106
1675;4793
1676;4794
1676;4795
1676;4796
1676;4797
1677;4798
1677;1799
1677;4799
1677;4800
1678;4207
1678;2859
1678;4801
1678;4802
1679;238
1679;4803
1679;4804
1679;4805
1680;4806
1680;4807
1680;4808
1680;4809
1681;4810
1681;4811
1681;4812
1681;4813
1682;4814
1682;4815
1682;3388
1682;4816
1683;4817
1683;4818
1683;4819
1683;4820
1684;308
1684;4821
1684;4822
1684;2053
1685;4823
1685;4824
1685;4825
1685;4826
1686;2640
1686;2641
1686;4827
1686;4439
1687;4828
1687;4829
1687;4830
1687;4831
1688;4832
1688;4833
1688;4834
1688;4835
1689;2706
1689;4836
1689;4837
1689;4838
1690;4839
1690;4840
1690;2994
1690;1263
1691;4841
1691;691
1691;3630
1691;4842
1692;4843
1692;4844
1692;4845
1692;2721
1693;3477
1693;3475
1693;3476
1693;4846
1694;4847
1694;4848
1694;882
1694;4849
1695;2990
1695;4850
1695;4851
1695;4852
1696;4853
1696;4854
1696;4855
1696;3970
1697;4856
1697;3147
1697;4857
1697;4858
1698;4859
1698;4860
1698;4861
1698;4862
1699;15
1699;1022
1699;4863
1699;4329
1700;4864
1700;3804
1700;4865
1700;4866
1701;4867
1701;1336
1701;4268
1701;4868
1702;4869
1702;4870
1702;4871
1702;4872
1703;4873
1703;4861
1703;4874
1703;4875
1704;4876
1704;4877
1704;4878
1704;4879
1705;4880
1705;4881
1705;4882
1705;4883
1706;4578
1706;4884
1706;4885
1706;4886
1707;4887
1707;986
1707;3108
1707;3454
1708;3159
1708;4888
1708;4889
1708;4890
1709;4891
1709;4892
1709;4893
1709;1136
1710;4894
1710;4895
1710;4896
1710;4897
1711;4822
1711;4898
1711;4899
1711;4900
1712;4901
1712;4902
1712;4903
1712;4904
1713;4905
1713;4906
1713;4907
1713;4035
1714;4908
1714;3147
1714;4909
1714;712
1715;3223
1715;4910
1715;4911
1715;4912
1716;4913
1716;4914
1716;1702
1716;4915
1717;4916
1717;3196
1717;4917
1717;4918
1718;118
1718;4919
1718;331
1718;4920
1719;4921
1719;4922
1719;4923
1719;4924
1720;4925
1720;988
1720;4926
1720;4927
1721;2062
1721;4928
1721;4929
1721;4930
1722;4931
1722;4932
1722;4933
1722;4934
1723;4935
1723;4936
1723;4937
1723;4938
1724;3237
1724;1220
1724;2594
1724;4939
1725;4940
1725;4941
1725;4942
1725;4943
1726;4145
1726;4146
1726;1009
1726;4944
1727;4384
1727;3000
1727;4945
1727;4946
1728;4947
1728;4948
1728;4949
1728;4950
1729;4951
1729;1905
1729;4952
1729;1371
1730;4953
1730;4954
1730;4955
1730;4956
1731;766
1731;4957
1731;4958
1731;4959
1732;2103
1732;174
1732;3769
1732;558
1733;4960
1733;4961
1733;4962
1733;4963
1734;4964
1734;4965
1734;4966
1734;4967
1735;3946
1735;4968
1735;4969
1735;1366
1736;1776
1736;2692
1736;4970
1736;4971
1737;4972
1737;4973
1737;4974
1737;4975
1738;4976
1738;4977
1738;4978
1738;4979
1739;4980
1739;4981
1739;4982
1739;4983
1740;4984
1740;2928
1740;4985
1740;4986
1741;4987
1741;4508
1741;4988
1741;4989
1742;4990
1742;4991
1742;4992
1742;4993
1743;4177
1743;4994
1743;4995
1743;4996
1744;4997
1744;4998
1744;4999
1744;5000
1745;1430
1745;5001
1745;5002
1745;5003
1746;5004
1746;4953
1746;5005
1746;5006
1747;5007
1747;5008
1747;5009
1747;5010
1748;5011
1748;5012
1748;3626
1748;5013
1749;2130
1749;5014
1749;5015
1749;5016
1750;5017
1750;5018
1750;5019
1750;5020
1751;5021
1751;5022
1751;5023
1751;5024
1752;1632
1752;769
1752;5025
1752;5026
1753;5027
1753;5028
1753;5029
1753;5030
1754;5031
1754;2707
1754;1529
1754;5032
1755;5033
1755;3812
1755;5034
1755;5035
1756;5036
1756;5037
1756;5038
1756;5039
1757;5040
1757;5041
1757;5042
1757;5043
1758;1375
1758;5044
1758;5045
1758;5046
1759;5047
1759;295
1759;2618
1759;5048
1760;5049
1760;5050
1760;5051
1760;3522
1761;5052
1761;5053
1761;5054
1761;5055
1762;3567
1762;2092
1762;5056
1762;1773
1763;5057
1763;5058
1763;595
1763;5059
1764;5060
1764;5061
1764;5062
1764;4007
1765;3518
1765;5063
1765;946
1765;5064
1766;5065
1766;5066
1766;5067
1766;5068
1767;3311
1767;5069
1767;175
1767;5070
1768;5071
1768;5072
1768;5073
1768;5074
1769;5075
1769;5076
1769;5077
1769;5078
1770;5065
1770;5079
1770;5080
1770;5081
1771;5082
1771;3632
1771;5083
1771;5084
1772;5085
1772;5086
1772;5087
1772;5088
1773;5089
1773;5090
1773;3370
1773;5091
1774;5092
1774;5004
1774;5093
1774;5094
1775;5095
1775;2315
1775;5096
1775;5097
1776;5098
1776;3667
1776;4362
1776;5099
1777;5100
1777;5101
1777;5102
1777;5103
1778;5104
1778;5105
1778;5106
1778;5107
1779;5108
1779;68
1779;5109
1779;5110
1780;2163
1780;2164
1780;5111
1780;5112
1781;5113
1781;5114
1781;3907
1781;5115
1782;5116
1782;5117
1782;5118
1782;5119
1783;660
1783;5120
1783;3965
1783;804
1784;5121
1784;5122
1784;5123
1784;5124
1785;5125
1785;5126
1785;3260
1785;5127
1786;5128
1786;3567
1786;5129
1786;5130
1787;2992
1787;5131
1787;5132
1787;5133
1788;3144
1788;821
1788;5134
1788;1350
1789;5135
1789;5136
1789;5137
1789;4158
1790;5138
1790;3579
1790;5139
1790;5140
1791;5141
1791;5142
1791;850
1791;5143
1792;5144
1792;5145
1792;5146
1792;5147
1793;242
1793;5148
1793;5149
1793;5150
1794;5151
1794;5152
1794;5153
1795;168
1795;5154
1795;5155
1795;5156
1796;1874
1796;5157
1796;5158
1796;5159
1797;5160
1797;3955
1797;5161
1797;2604
1798;5162
1798;5163
1798;5164
1798;5165
1799;5166
1799;5167
1799;5168
1799;5169
1800;5170
1800;5171
1800;5172
1800;5173
1801;1728
1801;5174
1801;911
1801;5175
1802;5176
1802;5177
1802;5178
1802;5179
1803;5180
1803;5181
1803;5182
1803;3994
1804;214
1804;5183
1804;5184
1804;1340
1805;5185
1805;5186
1805;5187
1805;5188
1806;201
1806;5189
1806;1360
1806;5062
1807;30
1807;2644
1807;5190
1807;5191
1808;2904
1808;5192
1808;3427
1808;5193
1809;5194
1809;5195
1809;5196
1809;5197
1810;5198
1810;5199
1810;5200
1810;5201
1811;5202
1811;5203
1811;2939
1811;5204
1812;1219
1812;406
1812;5205
1812;5206
1813;1500
1813;3092
1813;5207
1813;5208
1814;5209
1814;5210
1814;5211
1814;5212
1815;5213
1815;5214
1815;5215
1815;5216
1816;5217
1816;5218
1816;3166
1816;2975
1817;5219
1817;5220
1817;5221
1817;5222
1818;5223
1818;4015
1818;914
1818;5224
1819;5225
1819;1725
1819;3854
1819;5226
1820;5227
1820;5228
1820;5229
1820;5230
1821;5231
1821;5232
1821;5233
1821;5234
1822;5235
1822;5236
1822;5237
1822;5238
1823;5239
1823;5240
1823;5241
1823;5242
1824;594
1824;5243
1824;5244
1824;5245
1825;5246
1825;5247
1825;5248
1825;701
1826;5249
1826;5250
1826;259
1826;5251
1827;5252
1827;5253
1827;5254
1827;5255
1828;574
1828;5256
1828;1350
1828;5257
1829;2112
1829;5258
1829;5259
1829;807
1830;5260
1830;5261
1830;5262
1830;5263
1831;5264
1831;5265
1831;5266
1831;602
1832;5267
1832;5268
1832;5269
1832;3971
1833;3106
1833;5270
1833;5271
1833;5272
1834;5273
1834;5274
1834;2559
1834;5275
1835;3930
1835;5276
1835;5277
1835;5278
1836;5279
1836;5280
1836;5281
1836;5282
1837;5283
1837;5284
1837;5285
1837;5026
1838;5286
1838;5287
1838;5288
1838;5289
1839;5290
1839;5291
1839;5292
1839;5293
1840;5294
1840;5295
1840;5296
1840;5297
1841;5298
1841;5299
1841;5300
1841;5301
1842;186
1842;3174
1842;1297
1842;5302
1843;568
1843;5303
1843;5304
1843;5305
1844;5306
1844;5307
1844;5308
1844;5309
1845;5310
1845;3628
1845;4850
1845;5311
1846;5312
1846;5313
1846;5314
1846;1602
1847;5315
1847;2713
1847;5316
1847;5317
1848;5318
1848;5319
1848;5320
1848;5321
1849;5322
1849;5323
1849;5324
1849;5325
1850;5326
1850;5327
1850;5328
1850;5329
1851;5330
1851;5331
1851;5332
1851;5333
1852;5334
1852;5335
1852;5336
1852;5337
1853;5338
1853;3054
1853;279
1853;5339
1854;1415
1854;5340
1854;5341
1854;2665
1855;1786
1855;5342
1855;5343
1855;5344
1856;1538
1856;5345
1856;5346
1856;857
1857;3652
1857;4207
1857;5347
1857;5348
1858;5349
1858;5350
1858;5351
1858;5352
1859;5353
1859;5354
1859;5355
1859;5356
1860;5357
1860;4540
1860;5358
1860;5359
1861;5360
1861;2537
1861;5361
1861;5362
1862;1541
1862;3873
1862;5363
1862;5364
1863;5365
1863;5366
1863;5367
1863;783
1864;4024
1864;5368
1864;5369
1864;5370
1865;5371
1865;1612
1865;5372
1865;5373
1866;5374
1866;5375
1866;5376
1866;5377
1867;5378
1867;5379
1867;5380
1867;5381
1868;690
1868;988
1868;5382
1868;4925
1869;4853
1869;5383
1869;5384
1869;3172
1870;3036
1870;5385
1870;5386
1870;722
1871;5387
1871;1095
1871;961
1871;1237
1872;5388
1872;5389
1872;5390
1872;5391
1873;5392
1873;5393
1873;5394
1873;5395
1874;5166
1874;5396
1874;5397
1874;5398
1875;5399
1875;5400
1875;5388
1875;5401
1876;5402
1876;5403
1876;5404
1876;3888
1877;5405
1877;5406
1877;5407
1877;5408
1878;845
1878;764
1878;539
1878;5409
1879;5410
1879;5411
1879;5412
1879;5413
1880;5414
1880;5415
1880;5416
1880;5417
1881;4543
1881;5418
1881;3017
1881;5419
1882;5420
1882;5421
1882;5422
1882;5423
1883;5424
1883;964
1883;841
1883;5425
1884;5426
1884;5427
1884;5428
1884;5429
1885;2347
1885;5419
1885;5177
1885;3185
1886;5430
1886;4004
1886;4676
1886;2312
1887;5431
1887;5432
1887;1584
1887;1644
1888;5433
1888;5434
1888;5435
1888;5436
1889;5437
1889;5438
1889;5439
1889;5331
1890;5440
1890;5441
1890;5442
1890;5443
1891;5444
1891;1799
1891;5445
1891;5446
1892;2292
1892;5447
1892;3090
1892;2440
1893;5448
1893;5449
1893;5450
1893;5451
1894;4370
1894;5452
1894;5453
1894;5454
1895;5455
1895;5456
1895;5457
1895;1368
1896;5458
1896;4304
1896;174
1896;5459
1897;5460
1897;3249
1897;3361
1897;5461
1898;3598
1898;1799
1898;5462
1898;5463
1899;4230
1899;5464
1899;5465
1899;5466
1900;5467
1900;5468
1900;5469
1900;4717
1901;5470
1901;915
1901;4249
1901;5471
1902;5468
1902;5472
1902;5473
1902;5474
1903;5475
1903;5476
1903;5477
1903;5478
1904;5479
1904;5480
1904;502
1904;5481
1905;5482
1905;5483
1905;5484
1905;5485
1906;5486
1906;5487
1906;5488
1906;5489
1907;4633
1907;5490
1907;2158
1907;2825
1908;5491
1908;5452
1908;5492
1908;5493
1909;5494
1909;5495
1909;5496
1909;5497
1910;5498
1910;5499
1910;5500
1910;5501
1911;5502
1911;5503
1911;5504
1911;2504
1912;207
1912;5505
1912;1688
1912;5506
1913;126
1913;24
1913;5507
1913;5508
1914;5509
1914;5401
1914;5510
1914;5511
1915;5512
1915;3003
1915;3184
1915;5409
1916;5513
1916;5514
1916;1411
1916;5515
1917;3881
1917;5516
1917;5517
1917;1846
1918;5518
1918;5519
1918;5520
1918;5521
1919;5522
1919;5523
1919;5524
1919;5525
1920;1160
1920;5526
1920;5527
1920;5528
1921;5529
1921;5530
1921;5531
1921;5532
1922;3548
1922;5043
1922;1125
1922;5533
1923;5534
1923;5535
1923;5536
1923;5537
1924;5538
1924;5539
1924;5540
1924;5541
1925;5542
1925;5543
1925;5544
1925;5545
1926;5546
1926;5547
1926;5548
1926;5549
1927;3595
1927;5550
1927;5551
1927;5552
1928;5553
1928;821
1928;5554
1928;2700
1929;5555
1929;5556
1929;5557
1929;5558
1930;3718
1930;5559
1930;484
1930;3149
1931;3873
1931;5560
1931;5561
1931;5562
1932;5475
1932;4297
1932;5563
1932;5564
1933;5565
1933;5566
1933;2192
1933;3409
1934;5567
1934;5568
1934;5569
1934;5570
1935;5571
1935;5572
1935;5573
1935;5574
1936;5575
1936;5576
1936;5577
1936;5578
1937;1572
1937;674
1937;5579
1937;5580
1938;3629
1938;3618
1938;5581
1938;3025
1939;5582
1939;1842
1939;5583
1939;1879
1940;5584
1940;5585
1940;5586
1940;5587
1941;5588
1941;5589
1941;5590
1941;5591
1942;5592
1942;3562
1942;4329
1942;5593
1943;5594
1943;5595
1943;5596
1943;1694
1944;2150
1944;5597
1944;5120
1944;5598
1945;5599
1945;5600
1945;5601
1945;5602
1946;5603
1946;5604
1946;5605
1946;5606
1947;5607
1947;5608
1947;5609
1947;2415
1948;5610
1948;5611
1948;5612
1948;5613
1949;5614
1949;3059
1949;1323
1949;501
1950;5615
1950;1135
1950;5616
1950;5617
1951;5618
1951;5619
1951;5620
1951;5621
1952;5622
1952;5623
1952;5624
1952;5625
1953;883
1953;5626
1953;5627
1953;5628
