SeriesID;Genre
1;1
1;2
1;8
2;6
2;8
2;24
3;8
3;13
3;24
4;5
4;19
5;8
5;10
5;13
6;6
6;8
6;16
7;5
7;19
8;6
8;8
8;16
9;5
9;19
10;6
10;8
10;16
11;2
11;8
11;10
12;1
12;6
12;8
13;8
14;8
14;20
14;24
15;1
15;2
15;8
16;8
16;16
16;20
17;5
18;8
18;16
19;1
19;2
19;6
20;8
20;10
20;13
21;3
21;2
21;5
22;3
22;5
23;5
23;8
24;1
24;6
24;8
25;4
25;6
25;8
26;5
26;8
26;19
27;6
27;8
28;6
28;8
28;24
29;3
29;5
30;6
30;8
30;24
31;6
31;8
32;6
32;8
32;16
33;3
33;5
34;6
34;8
35;1
35;2
35;10
36;1
36;6
36;16
37;1
37;2
37;20
38;6
38;8
38;24
39;6
39;8
39;16
40;8
40;10
40;13
41;5
41;6
41;8
42;8
42;13
42;24
43;5
44;6
44;8
44;24
45;8
45;16
45;24
46;5
47;8
47;19
48;3
48;1
48;2
49;1
49;5
49;6
50;2
50;8
50;20
51;5
51;19
52;3
52;6
52;8
53;5
53;8
54;6
54;8
54;10
55;8
55;10
55;20
56;8
56;10
56;16
57;6
57;8
57;13
58;5
58;6
59;1
59;2
59;4
60;8
60;16
60;20
61;5
62;6
62;8
62;24
63;8
63;16
63;20
64;5
65;3
65;5
65;20
66;1
66;6
66;8
67;2
67;10
67;19
68;8
69;3
69;1
69;2
70;1
70;2
70;8
71;6
71;8
71;16
72;6
72;8
72;16
73;1
73;6
73;8
74;5
75;5
76;6
76;8
76;24
77;1
77;6
77;8
78;8
78;20
78;24
79;6
79;8
79;12
80;1
80;6
80;8
81;5
81;8
82;6
82;8
82;16
83;8
83;19
84;1
84;6
84;8
85;6
85;8
85;16
86;1
86;2
86;5
87;5
87;8
88;5
88;8
89;6
89;8
89;16
90;1
90;8
90;12
91;8
91;19
92;5
92;19
93;8
93;16
93;19
94;4
94;8
94;12
95;2
95;5
95;6
96;6
96;8
96;19
97;1
97;8
97;20
98;5
98;6
98;8
99;5
99;6
99;8
100;8
100;16
100;20
101;3
101;1
101;5
102;5
102;8
102;14
103;5
104;1
104;8
104;10
105;5
105;8
106;6
106;8
106;16
107;1
107;5
107;8
108;1
108;8
108;10
109;5
110;8
110;10
110;19
111;3
111;1
111;2
112;5
113;6
113;8
113;16
114;5
114;8
115;1
115;6
115;8
116;6
116;8
116;16
117;5
117;6
117;8
118;8
118;10
118;13
119;5
119;9
120;1
120;6
120;8
121;3
121;5
122;3
122;1
122;5
123;2
123;8
123;19
124;5
124;8
124;16
125;8
125;16
125;24
126;5
126;8
126;10
127;1
127;2
127;6
128;3
128;1
128;2
129;3
129;5
129;8
130;8
130;16
130;24
131;8
131;13
131;20
132;8
132;10
132;13
133;5
134;1
134;2
134;8
135;6
135;8
135;16
136;8
136;16
136;20
137;1
137;5
137;8
138;6
138;8
138;10
139;5
139;8
139;19
140;5
140;8
140;19
141;8
142;3
142;1
142;2
143;5
144;5
144;9
145;5
145;6
145;8
146;1
146;2
146;16
147;5
147;8
148;1
148;8
148;20
149;5
149;8
150;6
150;8
150;16
151;8
151;16
151;20
152;6
152;8
152;16
153;8
153;13
153;16
154;3
154;21
154;5
155;1
155;2
155;8
156;5
157;5
158;6
158;8
158;12
159;6
159;8
159;24
160;6
160;8
160;16
161;5
161;8
161;10
162;2
162;8
163;1
163;2
163;8
164;8
164;10
164;16
165;5
166;1
166;8
166;24
167;3
167;1
167;2
168;6
168;8
168;24
169;2
169;5
169;8
170;6
170;8
170;16
171;3
171;1
171;2
172;8
172;20
172;24
173;1
173;6
173;8
174;1
174;6
174;8
175;7
175;6
176;4
176;6
176;8
177;1
177;2
177;8
178;1
178;8
178;12
179;1
179;2
179;8
180;5
180;6
180;16
181;5
181;8
182;5
183;6
183;8
183;16
184;3
184;1
184;2
185;6
185;8
185;24
186;1
186;2
186;8
187;6
187;8
187;13
188;3
188;5
188;9
189;1
189;8
189;20
190;6
190;8
190;16
191;5
191;8
191;19
192;1
192;2
192;8
193;5
193;8
194;5
195;8
195;10
195;16
196;4
196;6
196;8
197;2
197;8
197;16
198;5
198;17
198;23
199;8
199;10
199;13
200;1
200;8
200;16
201;6
201;8
202;6
202;8
202;16
203;3
203;21
203;1
204;5
205;1
205;6
205;8
206;8
206;10
206;13
207;8
207;10
207;16
208;5
208;8
209;3
209;2
209;5
210;5
211;2
211;8
211;10
212;1
212;2
212;20
213;2
213;4
213;8
214;6
214;8
214;24
215;8
215;19
215;22
216;3
216;1
216;2
217;3
217;1
217;2
218;5
219;8
220;8
220;12
220;19
221;3
221;1
221;2
222;6
222;8
222;16
223;1
223;6
223;8
224;2
224;8
224;10
225;5
226;8
226;10
226;13
227;6
227;8
227;16
228;8
228;24
229;2
229;5
229;8
230;1
230;6
230;8
231;1
231;2
231;6
232;1
232;6
232;8
233;5
233;8
234;3
234;5
235;5
235;6
235;8
236;5
236;8
237;8
238;8
239;2
239;8
239;12
240;1
240;5
240;10
241;1
241;8
241;10
242;5
243;5
243;23
244;3
244;1
244;2
245;5
246;8
247;6
247;8
247;10
248;5
248;6
248;8
249;1
249;2
249;8
250;8
250;19
251;6
251;8
252;5
252;8
253;5
253;6
253;8
254;1
254;2
254;20
255;2
255;5
255;8
256;8
256;16
256;20
257;6
257;16
257;24
258;1
258;20
258;24
259;3
259;5
259;19
260;1
260;2
260;6
261;5
261;13
262;1
262;8
262;10
263;6
263;8
263;10
264;6
264;8
264;16
265;8
265;22
266;5
266;8
267;5
267;14
267;15
268;5
268;14
269;5
270;1
270;8
270;20
271;2
271;10
271;20
272;2
272;5
272;8
273;1
273;8
273;16
274;5
274;8
274;10
275;1
275;8
275;10
276;5
277;1
277;6
277;8
278;3
278;1
278;2
279;8
279;24
280;1
280;2
280;8
281;5
281;8
282;5
282;8
282;9
283;1
283;5
283;8
284;8
285;8
286;2
286;8
286;9
287;5
287;8
287;14
288;8
288;16
288;20
289;4
289;6
289;8
290;5
290;8
290;22
291;3
291;1
291;8
292;5
292;19
293;1
293;6
293;8
294;3
294;1
294;8
295;8
295;19
296;1
296;5
297;5
297;8
297;25
298;7
298;16
298;18
299;8
299;10
299;13
300;5
300;22
301;1
301;6
301;8
302;1
302;6
302;8
303;5
303;25
304;6
304;8
304;24
305;6
305;8
305;12
306;2
306;5
306;8
307;5
307;8
308;3
308;1
308;2
309;8
309;26
310;1
310;6
310;8
311;8
311;20
312;3
312;1
312;2
313;5
313;9
313;20
314;8
314;16
314;20
315;8
315;10
315;20
316;1
316;6
316;8
317;6
317;8
318;8
319;1
319;2
319;8
320;8
320;16
320;20
321;5
322;6
322;8
322;10
323;5
323;8
323;19
324;5
325;3
325;1
325;2
326;8
326;16
326;20
327;1
327;5
327;6
328;3
328;5
328;8
329;5
330;5
331;1
331;8
331;16
332;6
332;8
332;16
333;8
333;10
333;13
334;1
334;6
334;8
335;5
336;5
336;17
336;23
337;5
337;8
337;19
338;3
338;1
338;2
339;8
339;24
340;8
340;10
340;16
341;5
341;22
342;1
342;6
342;8
343;8
343;12
344;1
344;2
344;8
345;3
345;2
345;5
346;8
346;10
347;5
348;5
348;14
349;1
349;2
349;5
350;5
350;19
351;8
351;10
352;6
352;16
352;24
353;5
353;8
353;19
354;5
354;6
354;8
355;8
355;10
355;16
356;8
356;16
356;20
357;5
357;8
357;19
358;1
358;8
358;20
359;1
359;2
359;8
360;8
360;16
360;20
361;8
361;10
361;13
362;1
362;2
362;8
363;5
363;20
364;3
364;1
364;2
365;5
366;5
366;19
367;3
367;1
367;2
368;1
368;8
368;20
369;5
369;19
370;8
371;2
371;8
371;16
372;5
372;8
372;22
373;5
373;16
373;20
374;6
374;8
374;24
375;5
375;8
375;10
376;5
376;8
376;16
377;5
377;9
378;5
378;8
378;19
379;6
379;8
380;5
380;8
381;3
381;2
381;5
382;6
382;8
382;16
383;5
384;2
384;8
384;16
385;5
385;8
385;9
386;5
387;3
387;1
387;2
388;1
388;8
389;6
389;8
389;16
390;1
390;8
390;16
391;8
391;10
391;13
392;3
392;2
392;5
393;1
393;6
393;8
394;6
394;8
394;16
395;3
395;2
395;5
396;5
396;8
396;22
397;8
397;9
398;3
398;1
398;2
399;8
399;16
399;24
400;5
400;17
400;23
401;3
401;1
401;9
402;5
402;9
402;19
403;8
403;14
404;5
404;6
405;3
405;1
405;2
406;5
406;8
406;19
407;5
407;8
407;22
408;2
408;8
408;12
409;5
409;9
409;14
410;8
410;13
410;16
411;1
411;2
411;8
412;3
412;1
412;8
413;3
413;1
413;2
414;5
415;5
415;10
415;13
416;8
416;19
417;8
417;20
418;5
419;3
419;1
419;2
420;5
420;9
421;6
421;8
421;24
422;6
422;8
422;10
423;2
423;8
423;9
424;3
424;21
424;1
425;1
425;5
425;6
426;5
426;9
427;8
427;19
428;5
429;5
429;13
429;16
430;5
430;9
430;10
431;1
431;2
431;5
432;6
432;8
432;16
433;5
434;1
434;2
434;6
435;5
435;19
436;5
436;8
436;9
437;5
437;8
437;14
438;5
438;19
439;6
439;8
439;13
440;1
440;8
440;20
441;3
441;2
441;5
442;5
442;8
442;26
443;6
443;8
443;24
444;5
444;18
445;8
446;1
446;2
446;8
447;1
447;2
447;8
448;3
448;5
448;9
449;1
449;5
449;6
450;5
451;5
451;9
451;19
452;3
452;2
452;5
453;3
453;2
453;5
454;3
454;1
454;2
455;1
455;5
455;8
456;5
456;9
457;2
457;5
457;20
458;6
458;8
458;16
459;6
459;8
459;16
460;6
460;8
460;16
461;1
461;2
461;6
462;5
462;9
462;19
463;5
463;10
463;14
464;6
464;8
464;16
465;8
465;26
466;5
466;6
466;8
467;3
467;2
467;5
468;6
468;8
468;16
469;3
469;1
469;2
470;5
470;8
471;5
471;19
472;5
472;9
472;20
473;1
473;10
473;20
474;1
474;8
475;5
475;6
475;8
476;5
477;5
477;9
477;19
478;1
478;5
478;8
479;8
479;19
480;8
480;10
480;19
481;3
481;5
482;3
482;1
482;2
483;1
483;8
483;10
484;6
484;8
484;16
485;8
485;20
485;24
486;5
486;8
487;1
487;8
487;16
488;3
488;5
488;8
489;5
489;8
489;10
490;5
491;1
491;2
491;8
492;6
493;3
493;2
493;5
494;7
494;2
494;5
495;3
495;21
495;1
496;5
496;19
497;6
497;8
497;16
498;6
498;8
498;24
499;2
499;5
499;8
500;5
500;11
501;5
502;3
502;5
502;8
503;1
503;8
503;24
504;1
504;6
504;8
505;8
505;10
505;13
506;3
506;1
506;2
507;1
507;8
507;10
508;5
509;8
510;5
510;8
510;19
511;5
511;19
512;1
512;6
512;8
513;3
513;1
513;10
514;5
514;8
515;6
515;8
515;16
516;8
516;13
516;16
517;1
517;2
517;8
518;3
518;5
518;9
519;8
519;19
520;8
520;13
520;19
521;1
521;2
521;8
522;8
522;16
522;19
523;5
523;8
524;6
524;8
524;16
525;1
525;8
525;20
526;5
526;8
527;3
527;5
527;14
528;1
528;8
528;20
529;1
529;2
529;8
530;6
530;8
530;16
531;6
531;8
531;24
532;8
532;16
532;20
533;5
533;6
533;8
534;3
534;1
534;2
535;5
536;1
536;6
536;8
537;3
537;1
537;5
538;8
538;9
538;18
539;5
539;6
539;8
540;5
540;8
541;5
542;3
542;1
542;2
543;6
543;8
543;16
544;1
544;2
544;8
545;1
545;6
545;8
546;1
546;8
547;8
547;12
547;19
548;6
548;8
549;3
549;21
549;1
550;5
550;19
551;6
551;8
551;10
552;5
553;8
553;13
553;16
554;6
554;8
554;16
555;8
555;13
555;16
556;5
556;9
557;5
557;8
557;20
558;1
558;2
558;6
559;8
560;5
560;8
561;5
561;9
562;2
562;5
562;8
563;5
563;8
564;8
564;19
565;5
565;20
566;2
566;8
566;16
567;8
568;6
568;8
568;24
569;5
570;7
571;3
571;1
571;2
572;6
572;8
572;16
573;5
573;8
574;6
574;8
574;16
575;6
575;8
575;16
576;5
576;8
576;10
577;8
577;19
578;5
578;8
578;9
579;6
579;8
579;16
580;6
580;8
581;5
581;8
581;10
582;5
582;8
583;1
583;8
583;20
584;5
584;8
585;3
585;1
585;2
586;3
586;1
586;2
587;5
587;12
587;25
588;3
588;1
588;2
589;3
589;1
589;2
590;8
590;10
590;13
591;5
591;8
591;19
592;5
592;8
593;2
593;8
593;10
594;1
594;6
594;8
595;8
595;20
595;24
596;5
596;8
597;3
597;5
597;8
598;2
598;5
598;8
599;8
599;14
599;19
600;7
600;21
601;5
602;3
602;1
602;2
603;8
603;10
603;12
604;5
604;20
605;3
605;1
605;2
606;8
606;9
606;19
607;3
607;5
608;6
608;8
608;16
609;5
609;8
609;18
610;5
610;8
610;14
611;6
611;8
611;16
612;3
612;2
612;5
613;1
613;8
613;10
614;5
614;8
614;24
615;4
615;8
615;12
616;5
616;8
616;19
617;5
617;14
617;23
618;5
618;9
618;14
619;1
619;2
619;6
620;5
621;5
621;8
622;5
623;6
623;8
623;16
624;1
624;2
624;20
625;8
625;16
625;20
626;8
626;13
626;20
627;1
627;8
627;20
628;8
628;10
628;13
629;5
629;8
629;19
630;5
630;9
631;1
631;8
631;24
632;8
632;20
632;24
633;5
634;2
634;11
634;18
635;3
635;2
635;5
636;5
636;19
637;5
637;8
637;16
638;1
638;8
638;20
639;6
639;8
639;16
640;5
640;8
640;19
641;8
641;16
641;20
642;2
642;18
643;3
643;2
643;8
644;8
644;14
645;5
645;6
645;10
646;1
646;5
646;18
647;1
647;8
647;20
648;8
649;1
649;8
649;24
650;3
650;5
650;9
651;6
651;8
651;16
652;1
652;2
652;5
653;1
653;2
653;8
654;2
654;8
654;9
655;2
655;5
655;8
656;5
657;1
657;8
657;10
658;5
658;8
659;5
659;19
660;8
660;16
660;24
661;5
662;8
662;14
662;15
663;1
663;8
663;16
664;8
664;20
664;24
665;5
665;19
666;8
666;10
666;13
667;11
667;14
667;18
668;5
668;8
669;3
669;2
669;5
670;3
670;2
670;5
671;3
671;2
671;5
672;3
672;6
672;8
673;5
674;2
674;8
675;3
675;1
675;2
676;5
676;6
676;8
677;8
677;19
677;20
678;5
678;10
678;15
679;3
679;1
679;2
680;3
680;1
680;2
681;8
681;10
681;16
682;6
682;8
683;8
683;12
684;1
684;2
684;20
685;5
685;8
685;9
686;1
686;8
686;24
687;1
687;2
687;9
688;1
688;2
688;8
689;5
689;6
689;8
690;8
690;19
691;5
691;8
691;19
692;8
693;8
694;5
694;8
694;16
695;8
695;10
695;16
696;6
696;8
696;16
697;3
697;1
697;2
698;6
698;8
698;16
699;8
699;16
699;20
700;8
700;24
701;8
701;13
701;16
702;5
703;5
704;7
704;5
705;5
705;8
705;9
706;8
706;13
706;16
707;7
707;22
708;8
709;4
709;6
709;8
710;1
710;6
710;8
711;8
711;12
711;25
712;1
712;6
712;8
713;5
714;8
714;10
714;13
715;3
715;1
715;2
716;8
717;2
717;8
717;10
718;3
718;2
718;5
719;1
719;8
719;24
720;6
720;8
720;16
721;3
721;1
721;5
722;3
722;5
723;5
723;8
724;1
724;8
724;10
725;5
725;8
725;9
726;1
726;2
726;5
727;5
727;8
727;19
728;6
728;8
728;24
729;1
729;6
729;13
730;3
730;2
730;5
731;1
731;2
731;5
732;5
732;8
732;9
733;8
733;12
733;19
734;1
734;6
734;8
735;3
735;5
735;18
736;1
736;8
736;20
737;6
737;8
737;16
738;3
738;1
738;2
739;7
739;6
739;8
740;6
740;8
740;16
741;1
741;8
741;13
742;6
742;8
742;16
743;5
743;8
743;9
744;8
745;3
745;5
745;9
746;5
747;3
747;1
747;2
748;8
748;20
748;24
749;11
749;18
750;3
750;2
750;5
751;5
751;8
752;8
752;9
752;19
753;5
754;5
754;8
755;5
755;8
755;16
756;1
756;8
756;10
757;6
757;8
757;16
758;5
759;5
759;8
760;5
761;8
761;16
762;1
762;8
762;10
763;4
763;5
763;8
764;3
764;1
764;6
765;3
765;2
765;5
766;8
766;13
767;5
767;9
767;10
768;6
768;8
768;16
769;1
769;6
769;24
770;3
770;1
770;2
771;5
771;19
772;5
772;19
773;3
773;2
773;5
774;8
774;10
774;16
775;3
775;1
775;2
776;5
776;8
776;9
777;5
777;9
777;10
778;3
778;21
778;2
779;6
779;8
779;24
780;6
780;8
781;3
781;2
781;5
782;3
782;1
782;2
783;3
783;8
783;14
784;5
784;8
784;19
785;8
785;10
785;13
786;1
786;6
786;8
787;1
787;2
787;6
788;1
788;2
788;8
789;1
789;2
789;8
790;1
790;2
790;5
791;11
791;18
792;1
792;10
792;16
793;2
793;8
793;12
794;5
795;1
795;2
795;8
796;5
796;14
796;23
797;6
797;8
798;1
798;2
798;8
799;5
799;19
800;5
800;6
801;5
801;15
802;8
802;19
802;20
803;7
804;6
804;8
804;16
805;6
805;8
805;24
806;3
806;1
806;5
807;3
807;2
807;8
808;3
808;1
808;2
809;8
809;24
810;2
810;10
810;20
811;5
811;9
811;10
812;16
812;20
812;24
813;1
813;2
813;6
814;1
814;6
814;8
815;6
815;8
815;24
816;8
816;15
817;5
817;23
818;5
818;9
818;14
819;8
819;10
819;13
820;3
820;1
820;2
821;3
821;5
822;5
822;14
822;23
823;5
824;5
825;1
825;8
825;25
826;5
826;8
826;19
827;4
827;8
827;12
828;5
829;5
829;8
830;1
830;2
830;8
831;1
831;2
831;5
832;1
832;5
832;8
833;6
833;8
833;16
834;6
834;8
835;5
835;9
836;3
836;5
836;9
837;3
837;2
837;5
838;5
838;8
839;1
839;6
839;8
840;5
841;5
841;6
842;5
842;9
843;1
843;2
843;5
844;3
844;1
844;6
845;3
845;1
845;2
846;5
846;8
847;3
847;5
847;23
848;4
848;8
848;12
849;3
849;1
849;5
850;5
850;19
851;8
851;24
852;6
852;8
853;3
853;9
853;5
854;5
854;23
855;3
855;5
855;14
856;3
856;1
856;2
857;18
858;11
858;18
859;5
860;8
860;10
860;16
861;5
861;6
861;8
862;8
863;5
863;8
863;19
864;18
865;1
865;6
865;8
866;1
866;2
866;6
867;8
868;1
868;2
868;5
869;8
870;6
870;8
870;16
871;4
871;8
871;12
872;8
873;5
873;8
874;5
874;8
875;5
875;6
875;8
876;5
877;5
877;8
877;19
878;5
878;8
878;9
879;6
879;8
880;8
880;20
881;5
881;8
882;5
882;6
882;8
883;5
884;5
884;6
884;8
885;6
885;8
885;24
886;8
886;16
886;20
887;5
888;3
888;1
888;2
889;8
889;10
890;5
890;6
890;8
891;5
891;8
892;3
892;1
892;2
893;5
893;6
893;8
894;1
894;2
894;8
895;3
895;1
895;2
896;3
896;1
896;2
897;5
898;5
898;9
898;13
899;1
899;6
899;8
900;6
900;8
900;24
901;3
901;1
901;2
902;5
902;17
903;6
903;8
903;24
904;5
904;14
904;23
905;1
905;2
905;6
906;3
906;1
906;8
907;5
908;8
908;10
908;20
909;3
909;1
909;2
910;5
911;2
911;5
911;10
912;5
913;8
914;8
914;24
915;2
915;8
915;9
916;5
916;9
917;5
918;6
918;8
918;16
919;5
919;8
920;5
920;8
921;1
921;2
921;10
922;4
922;8
922;12
923;5
924;5
924;10
924;20
925;8
925;20
926;5
926;8
926;19
927;1
927;2
927;20
928;5
928;8
928;19
929;3
929;1
929;2
930;2
930;8
930;20
931;6
931;8
931;16
932;8
933;5
933;8
933;9
934;3
934;5
935;3
935;5
935;9
936;3
936;8
936;10
937;20
938;3
938;1
938;5
939;6
939;8
940;5
940;9
941;5
941;9
942;8
942;10
943;8
943;14
944;7
945;3
945;1
945;2
946;5
946;19
947;2
947;9
947;11
948;8
949;5
950;6
950;8
951;5
951;9
951;10
952;2
952;8
952;10
953;1
953;2
953;8
954;3
954;1
954;2
955;5
956;8
956;9
956;10
957;3
957;1
957;2
958;5
958;8
959;6
959;8
959;24
960;5
961;6
961;8
961;24
962;5
963;5
964;1
964;6
964;8
965;5
965;6
965;8
966;3
966;1
966;2
967;3
967;1
967;9
968;1
968;2
968;5
969;8
969;12
970;3
970;2
970;5
971;8
971;24
972;6
972;8
972;16
973;8
974;5
974;8
974;9
975;5
975;9
976;8
976;20
977;5
977;8
978;5
978;9
979;5
979;19
980;5
981;1
981;8
981;13
982;5
982;8
982;19
983;5
983;14
983;23
984;8
984;10
984;16
985;5
985;9
985;19
986;6
986;24
987;6
987;8
987;16
988;5
989;8
989;13
990;8
991;1
991;19
991;20
992;5
992;8
992;13
993;1
993;6
993;8
994;8
994;19
994;24
995;6
995;8
995;16
996;8
996;9
996;10
997;5
997;9
997;10
998;3
998;1
998;2
999;6
999;8
999;16
1000;8
1000;10
1000;16
1001;5
1001;14
1001;23
1002;8
1002;19
1003;5
1003;9
1004;5
1005;5
1005;17
1005;23
1006;8
1006;16
1006;20
1007;5
1007;20
1008;5
1009;5
1010;5
1010;8
1011;1
1011;2
1011;8
1012;1
1012;6
1012;8
1013;5
1013;9
1014;5
1014;19
1015;1
1015;2
1015;10
1016;5
1017;3
1017;2
1017;5
1018;5
1018;8
1019;3
1019;1
1019;2
1020;3
1020;1
1020;2
1021;6
1021;8
1021;24
1022;1
1022;8
1022;10
1023;3
1023;21
1023;5
1024;5
1025;8
1026;3
1026;2
1026;5
1027;5
1027;8
1027;10
1028;6
1028;8
1028;24
1029;5
1029;23
1030;5
1031;8
1031;13
1031;20
1032;8
1032;10
1033;6
1033;8
1034;7
1034;5
1034;6
1035;1
1035;6
1035;8
1036;9
1036;10
1036;13
1037;5
1038;6
1038;8
1038;13
1039;3
1039;5
1040;3
1040;2
1040;5
1041;3
1041;21
1041;2
1042;1
1042;2
1042;8
1043;1
1043;6
1043;8
1044;5
1045;3
1045;2
1045;5
1046;3
1046;8
1046;10
1047;3
1047;1
1047;5
1048;6
1048;8
1048;16
1049;3
1049;1
1049;2
1050;8
1050;13
1051;5
1052;2
1052;8
1052;10
1053;5
1054;1
1054;6
1055;8
1055;13
1055;16
1056;5
1056;19
1057;5
1057;8
1057;10
1058;3
1058;21
1058;2
1059;8
1059;24
1060;5
1061;8
1061;13
1061;16
1062;5
1063;5
1064;3
1064;1
1064;2
1065;8
1065;19
1066;8
1066;20
1067;5
1068;5
1069;6
1069;8
1069;16
1070;1
1070;5
1071;11
1071;14
1071;18
1072;5
1072;9
1073;8
1073;19
1074;3
1074;1
1074;2
1075;5
1075;9
1075;19
1076;5
1076;8
1076;24
1077;3
1077;21
1077;2
1078;8
1078;10
1078;13
1079;8
1080;5
1080;7
1081;6
1081;8
1081;24
1082;6
1082;8
1082;13
1083;5
1083;6
1083;8
1084;2
1084;8
1084;10
1085;13
1086;6
1086;8
1086;20
1087;6
1087;8
1087;16
1088;6
1088;16
1088;24
1089;2
1089;5
1089;8
1090;5
1090;8
1090;9
1091;3
1091;8
1091;13
1092;8
1093;4
1093;6
1093;8
1094;18
1095;6
1095;8
1095;16
1096;3
1096;5
1096;8
1097;1
1097;8
1097;12
1098;3
1098;1
1098;8
1099;5
1099;8
1100;3
1100;1
1100;2
1101;6
1101;8
1101;16
1102;5
1102;23
1103;5
1104;8
1104;19
1105;3
1105;1
1105;2
1106;3
1106;1
1106;5
1107;8
1108;3
1108;1
1108;8
1109;3
1109;1
1109;8
1110;1
1110;2
1110;5
1111;8
1111;19
1112;6
1112;8
1113;6
1113;8
1113;16
1114;8
1114;19
1115;3
1115;1
1115;2
1116;3
1116;1
1116;2
1117;8
1117;18
1118;3
1118;1
1118;8
1119;5
1119;19
1120;3
1120;1
1120;2
1121;6
1121;8
1121;24
1122;5
1122;8
1122;15
1123;1
1123;2
1123;6
1124;6
1124;8
1124;16
1125;1
1125;8
1125;24
1126;5
1126;8
1127;6
1127;8
1127;16
1128;5
1128;8
1128;19
1129;5
1129;6
1129;8
1130;5
1130;9
1130;19
1131;2
1131;8
1131;10
1132;3
1132;1
1132;10
1133;5
1133;14
1134;3
1134;2
1134;8
1135;5
1136;5
1137;1
1137;2
1137;20
1138;3
1138;1
1138;2
1139;6
1139;8
1139;16
1140;6
1140;8
1140;16
1141;5
1142;3
1142;5
1142;20
1143;8
1144;1
1144;2
1144;8
1145;3
1145;1
1145;2
1146;6
1146;8
1146;16
1147;6
1147;8
1148;3
1148;1
1148;8
1149;8
1150;6
1150;8
1151;1
1151;6
1151;8
1152;6
1152;24
1153;3
1153;1
1153;2
1154;8
1154;19
1155;3
1155;9
1155;13
1156;8
1156;22
1157;1
1157;6
1157;8
1158;3
1158;5
1158;8
1159;5
1160;5
1160;14
1160;23
1161;5
1161;8
1162;3
1162;1
1162;2
1163;6
1163;8
1163;19
1164;5
1164;8
1164;19
1165;8
1165;13
1165;16
1166;6
1166;8
1167;5
1167;14
1167;23
1168;6
1168;8
1168;16
1169;5
1169;8
1169;13
1170;3
1170;5
1170;9
1171;5
1171;18
1172;5
1172;8
1173;5
1173;8
1174;6
1174;8
1174;16
1175;2
1175;5
1175;20
1176;3
1176;1
1176;2
1177;1
1177;5
1178;3
1178;1
1178;8
1179;6
1179;8
1179;16
1180;5
1180;6
1180;8
1181;6
1181;8
1181;16
1182;1
1182;8
1182;16
1183;5
1183;13
1184;3
1184;5
1184;9
1185;1
1185;6
1185;8
1186;1
1186;8
1187;6
1187;8
1187;16
1188;5
1188;8
1189;6
1189;8
1189;16
1190;8
1190;9
1190;26
1191;1
1191;2
1191;20
1192;8
1192;19
1193;8
1194;5
1194;8
1194;19
1195;8
1196;8
1196;16
1196;20
1197;11
1197;18
1198;3
1198;5
1198;9
1199;5
1199;14
1199;23
1200;6
1200;8
1200;13
1201;3
1201;1
1201;2
1202;3
1202;1
1202;2
1203;3
1203;1
1203;5
1204;3
1204;1
1204;2
1205;5
1205;9
1205;15
1206;8
1206;19
1207;5
1207;8
1208;5
1208;16
1208;19
1209;3
1209;1
1209;2
1210;6
1210;8
1210;16
1211;11
1211;14
1211;18
1212;6
1212;8
1212;10
1213;3
1213;1
1213;5
1214;5
1215;6
1215;8
1215;16
1216;5
1217;5
1217;9
1217;20
1218;5
1218;18
1218;23
1219;5
1219;8
1220;8
1221;4
1221;6
1221;12
1222;6
1222;8
1222;16
1223;5
1224;1
1224;6
1224;24
1225;1
1225;6
1225;8
1226;5
1227;5
1227;8
1227;22
1228;1
1228;6
1228;8
1229;21
1229;5
1230;2
1230;8
1230;16
1231;3
1231;9
1231;10
1232;6
1232;8
1232;16
1233;11
1233;18
1234;5
1234;8
1234;9
1235;5
1236;8
1236;20
1237;8
1237;9
1238;3
1238;2
1238;8
1239;7
1239;10
1239;12
1240;5
1241;8
1241;16
1241;24
1242;2
1242;8
1242;16
1243;3
1243;1
1243;2
1244;5
1244;8
1244;19
1245;1
1245;2
1245;6
1246;3
1246;1
1246;2
1247;1
1247;2
1247;6
1248;5
1248;10
1248;19
1249;8
1249;24
1250;1
1250;8
1250;24
1251;3
1251;5
1252;3
1252;1
1252;2
1253;8
1253;10
1253;13
1254;8
1255;5
1255;8
1255;9
1256;8
1257;1
1257;6
1257;8
1258;5
1258;8
1258;10
1259;5
1259;8
1260;6
1260;8
1260;16
1261;6
1261;8
1261;24
1262;8
1262;9
1263;5
1264;8
1264;22
1265;8
1265;20
1266;1
1266;8
1266;24
1267;5
1267;8
1267;10
1268;3
1268;5
1268;10
1269;5
1269;8
1269;19
1270;8
1270;16
1270;24
1271;6
1271;8
1271;16
1272;9
1272;11
1272;14
1273;3
1273;5
1273;8
1274;3
1274;5
1274;9
1275;3
1275;5
1275;9
1276;6
1276;8
1277;1
1277;5
1277;8
1278;3
1278;1
1278;2
1279;5
1279;12
1280;6
1280;8
1280;10
1281;8
1281;19
1282;5
1282;11
1282;18
1283;5
1283;6
1283;8
1284;3
1284;9
1284;5
1285;5
1286;1
1286;8
1286;19
1287;6
1287;8
1287;10
1288;5
1288;8
1288;19
1289;2
1289;5
1289;8
1290;8
1290;19
1290;20
1291;3
1291;1
1291;8
1292;8
1292;16
1292;24
1293;3
1293;2
1293;5
1294;9
1294;11
1294;14
1295;3
1295;2
1295;5
1296;3
1296;5
1296;8
1297;1
1297;2
1297;6
1298;5
1298;8
1298;19
1299;8
1300;1
1300;6
1300;8
1301;1
1301;8
1301;20
1302;5
1303;10
1303;19
1303;20
1304;5
1304;8
1304;10
1305;2
1305;16
1305;24
1306;5
1306;10
1307;8
1307;20
1307;24
1308;2
1308;8
1308;20
1309;5
1310;1
1310;6
1310;8
1311;3
1311;21
1311;1
1312;8
1312;10
1312;13
1313;5
1313;8
1314;5
1315;18
1316;6
1316;8
1317;5
1317;6
1317;9
1318;3
1318;1
1318;2
1319;3
1319;1
1319;2
1320;6
1320;8
1320;24
1321;8
1321;20
1322;3
1322;1
1322;2
1323;5
1323;6
1323;16
1324;5
1324;9
1325;5
1325;6
1325;8
1326;7
1326;6
1326;16
1327;5
1328;8
1328;10
1328;16
1329;5
1329;8
1329;19
1330;3
1330;5
1330;20
1331;5
1332;5
1333;4
1333;8
1333;12
1334;1
1334;2
1334;8
1335;5
1336;5
1336;8
1336;10
1337;8
1337;22
1338;8
1339;5
1339;25
1340;5
1341;3
1341;1
1341;5
1342;1
1342;8
1343;8
1343;16
1343;19
1344;5
1344;9
1345;3
1345;21
1345;2
1346;9
1346;18
1347;8
1347;13
1347;20
1348;5
1348;19
1349;8
1349;10
1350;8
1350;10
1350;16
1351;8
1352;8
1352;19
1353;8
1354;1
1354;8
1354;12
1355;5
1356;2
1356;8
1356;10
1357;6
1357;8
1357;16
1358;1
1358;2
1358;6
1359;7
1359;6
1360;3
1360;1
1360;5
1361;5
1361;8
1361;19
1362;3
1362;1
1362;2
1363;3
1363;21
1363;1
1364;3
1364;1
1364;2
1365;5
1366;3
1366;21
1366;2
1367;8
1368;8
1368;13
1369;1
1369;24
1370;1
1370;8
1370;19
1371;1
1371;2
1371;9
1372;3
1372;5
1372;20
1373;1
1373;8
1373;24
1374;6
1374;8
1374;24
1375;8
1375;20
1376;8
1376;24
1377;5
1378;8
1378;16
1378;20
1379;5
1379;8
1380;8
1380;16
1380;24
1381;3
1381;2
1381;5
1382;1
1382;2
1382;5
1383;3
1383;1
1383;5
1384;18
1385;1
1385;8
1386;8
1387;3
1387;5
1387;19
1388;5
1388;18
1389;3
1389;1
1389;2
1390;5
1391;8
1391;16
1391;24
1392;1
1392;22
1393;5
1393;6
1393;8
1394;5
1394;10
1395;6
1395;8
1395;16
1396;8
1396;19
1397;5
1397;8
1398;1
1398;5
1398;6
1399;6
1399;8
1399;16
1400;1
1400;8
1401;7
1401;12
1401;18
1402;8
1402;20
1403;1
1403;5
1403;8
1404;6
1404;8
1404;16
1405;1
1406;1
1406;2
1406;6
1407;8
1408;5
1408;8
1408;19
1409;5
1409;9
1410;1
1410;8
1410;24
1411;5
1411;9
1412;4
1412;5
1412;8
1413;3
1413;2
1413;5
1414;5
1415;5
1415;8
1415;19
1416;5
1417;5
1417;6
1417;8
1418;5
1418;8
1419;5
1420;5
1421;26
1422;3
1422;9
1422;5
1423;8
1423;24
1424;5
1424;6
1424;8
1425;8
1425;24
1426;8
1426;19
1427;5
1427;9
1427;19
1428;1
1428;20
1428;24
1429;7
1429;6
1430;5
1430;8
1430;9
1431;21
1431;5
1431;23
1432;6
1432;8
1432;10
1433;8
1433;20
1434;5
1434;14
1434;23
1435;3
1435;5
1435;8
1436;1
1436;6
1436;8
1437;5
1438;6
1438;8
1438;16
1439;1
1439;6
1439;8
1440;1
1440;2
1440;5
1441;5
1441;8
1441;9
1442;6
1442;8
1442;10
1443;3
1443;1
1443;2
1444;5
1445;1
1445;8
1445;20
1446;8
1446;19
1447;5
1448;11
1448;18
1449;1
1449;2
1449;20
1450;5
1451;3
1451;2
1451;5
1452;1
1452;13
1452;24
1453;5
1453;18
1454;8
1454;12
1454;25
1455;11
1455;18
1455;19
1456;6
1456;8
1456;13
1457;7
1457;2
1457;18
1458;6
1458;8
1458;10
1459;3
1459;1
1459;2
1460;18
1461;5
1461;8
1461;19
1462;3
1462;1
1462;2
1463;5
1464;3
1464;1
1464;2
1465;11
1465;18
1466;5
1467;3
1467;1
1467;2
1468;5
1468;8
1468;19
1469;6
1469;8
1469;16
1470;8
1470;16
1470;20
1471;8
1471;10
1471;13
1472;6
1472;8
1472;19
1473;5
1474;9
1474;10
1474;14
1475;5
1476;3
1476;5
1476;8
1477;8
1477;24
1478;6
1478;8
1478;16
1479;15
1479;19
1480;5
1480;8
1481;5
1481;11
1482;5
1482;8
1482;19
1483;6
1483;8
1484;5
1484;8
1484;9
1485;3
1485;5
1485;10
1486;1
1486;2
1486;8
1487;5
1488;5
1488;8
1488;10
1489;1
1489;2
1489;5
1490;6
1490;8
1491;3
1491;1
1491;2
1492;1
1492;6
1492;8
1493;6
1493;8
1493;16
1494;5
1494;19
1495;7
1495;6
1495;16
1496;7
1496;21
1497;21
1497;5
1497;23
1498;24
1499;5
1499;8
1499;19
1500;5
1500;19
1501;8
1501;13
1502;5
1502;8
1503;5
1503;8
1503;22
1504;3
1504;1
1504;20
1505;5
1505;8
1505;19
1506;2
1506;10
1507;3
1507;5
1507;20
1508;2
1508;8
1508;20
1509;1
1509;2
1509;5
1510;5
1511;5
1511;8
1512;5
1512;9
1512;11
1513;8
1513;10
1514;6
1514;8
1514;16
1515;5
1515;6
1516;10
1516;13
1516;20
1517;3
1517;5
1517;9
1518;18
1519;8
1519;10
1519;13
1520;6
1520;8
1520;24
1521;18
1522;5
1523;6
1523;8
1523;16
1524;5
1524;9
1525;5
1526;1
1526;20
1526;3
1527;5
1528;1
1528;8
1528;24
1529;8
1529;24
1530;5
1530;8
1530;19
1531;8
1531;10
1531;13
1532;1
1532;2
1532;8
1533;1
1533;6
1533;8
1534;8
1534;16
1534;20
1535;3
1535;2
1535;5
1536;5
1536;10
1537;8
1537;10
1537;20
1538;18
1539;1
1539;2
1539;9
1540;5
1540;11
1541;5
1541;6
1541;8
1542;3
1542;21
1542;2
1543;5
1543;8
1543;19
1544;5
1544;8
1545;8
1545;19
1546;1
1546;6
1546;8
1547;6
1547;8
1547;16
1548;8
1548;19
1549;5
1550;3
1550;1
1550;5
1551;1
1551;6
1552;5
1552;9
1553;8
1554;3
1554;2
1554;5
1555;8
1555;20
1556;5
1557;3
1557;2
1557;5
1558;1
1558;5
1559;5
1559;6
1559;8
1560;9
1560;10
1560;15
1561;6
1561;8
1561;16
1562;3
1562;5
1562;13
1563;3
1563;1
1563;5
1564;3
1564;1
1564;2
1565;5
1566;7
1566;23
1567;6
1567;8
1567;16
1568;5
1568;8
1568;9
1569;18
1570;8
1571;7
1571;18
1572;5
1572;8
1572;9
1573;6
1573;8
1573;16
1574;6
1574;8
1574;26
1575;5
1575;8
1576;8
1576;16
1576;24
1577;2
1577;5
1577;9
1578;3
1578;1
1578;5
1579;5
1579;9
1580;6
1580;8
1580;16
1581;7
1582;5
1583;3
1583;5
1583;6
1584;5
1584;9
1584;14
1585;1
1585;8
1585;24
1586;2
1586;5
1586;8
1587;1
1587;5
1587;6
1588;6
1588;8
1589;8
1589;10
1589;16
1590;3
1590;5
1590;20
1591;8
1592;3
1592;5
1592;8
1593;5
1593;8
1593;9
1594;5
1594;9
1595;6
1595;8
1595;24
1596;8
1596;19
1596;25
1597;3
1597;1
1597;2
1598;6
1598;8
1598;20
1599;3
1599;5
1599;8
1600;7
1601;7
1601;5
1601;9
1602;5
1602;8
1602;9
1603;5
1603;6
1603;24
1604;3
1604;1
1604;2
1605;5
1605;8
1606;6
1606;8
1606;16
1607;5
1608;6
1608;8
1608;16
1609;6
1609;8
1609;16
1610;5
1611;8
1611;20
1611;24
1612;1
1612;2
1612;8
1613;7
1613;22
1614;23
1615;8
1615;24
1616;5
1617;3
1617;1
1617;5
1618;8
1619;5
1619;23
1620;8
1620;20
1621;1
1621;6
1621;8
1622;2
1622;5
1622;9
1623;3
1623;2
1623;5
1624;3
1624;1
1624;2
1625;2
1625;5
1625;8
1626;5
1626;6
1626;8
1627;3
1627;1
1627;2
1628;5
1628;9
1629;5
1629;8
1630;6
1630;8
1630;10
1631;5
1631;8
1632;23
1633;6
1633;24
1634;5
1635;3
1635;21
1635;1
1636;5
1637;5
1637;17
1637;23
1638;24
1639;8
1639;19
1640;6
1640;8
1640;16
1641;7
1642;5
1642;10
1642;20
1643;8
1643;19
1644;5
1644;8
1644;19
1645;5
1646;3
1646;5
1646;6
1647;13
1647;20
1648;6
1648;8
1648;16
1649;5
1649;6
1649;8
1650;1
1650;6
1650;8
1651;1
1651;6
1651;10
1652;5
1652;9
1653;6
1653;8
1653;16
1654;4
1654;6
1655;5
1656;6
1656;8
1656;16
1657;5
1657;8
1657;10
1658;18
1659;5
1659;8
1659;19
1660;3
1660;1
1660;8
1661;8
1661;10
1661;19
1662;3
1662;1
1662;2
1663;3
1663;1
1663;2
1664;6
1664;8
1664;16
1665;1
1665;2
1665;5
1666;6
1666;8
1666;16
1667;1
1667;24
1668;3
1668;5
1669;1
1669;2
1669;6
1670;5
1670;8
1671;3
1671;5
1671;6
1672;5
1672;19
1673;3
1673;1
1673;2
1674;1
1674;2
1674;5
1675;5
1675;19
1676;24
1677;5
1677;23
1678;10
1678;16
1678;19
1679;16
1679;24
1680;2
1680;18
1681;8
1681;11
1681;18
1682;3
1682;5
1682;20
1683;6
1683;8
1684;8
1685;5
1685;6
1685;8
1686;5
1686;13
1686;16
1687;3
1687;5
1687;9
1688;11
1688;18
1688;24
1689;8
1689;25
1690;8
1690;10
1690;13
1691;3
1691;2
1691;8
1692;8
1692;9
1692;10
1693;1
1693;2
1693;8
1694;1
1694;2
1694;9
1695;3
1695;1
1695;2
1696;6
1696;8
1697;6
1697;8
1697;16
1698;5
1698;19
1698;24
1699;5
1700;6
1700;8
1700;16
1701;5
1702;5
1702;8
1703;5
1703;6
1703;8
1704;5
1704;8
1704;9
1705;3
1705;5
1705;12
1706;5
1706;23
1707;3
1707;2
1707;5
1708;6
1708;10
1708;8
1709;4
1709;5
1709;8
1710;8
1710;10
1711;2
1711;5
1711;6
1712;6
1712;8
1712;20
1713;1
1713;6
1713;8
1714;6
1714;8
1715;5
1715;6
1716;10
1716;16
1716;2
1717;5
1717;8
1718;8
1718;16
1718;20
1719;7
1719;2
1720;3
1720;1
1720;10
1721;5
1722;3
1722;5
1722;20
1723;11
1724;5
1725;5
1726;5
1727;5
1728;8
1728;19
1729;8
1729;22
1730;8
1730;19
1731;8
1731;20
1731;24
1732;5
1733;1
1733;2
1733;9
1734;11
1734;18
1735;5
1735;8
1735;19
1736;5
1737;3
1737;1
1737;2
1738;8
1738;20
1738;24
1739;4
1739;8
1739;12
1740;2
1740;5
1741;5
1742;5
1743;5
1743;6
1744;5
1745;5
1745;8
1745;9
1746;5
1746;16
1746;19
1747;2
1747;5
1747;9
1748;5
1748;9
1749;2
1749;5
1749;18
1750;5
1750;18
1751;7
1752;5
1752;6
1753;5
1754;4
1754;6
1754;8
1755;8
1755;25
1756;7
1756;22
1757;5
1757;8
1758;5
1758;9
1759;1
1759;6
1759;8
1760;6
1760;8
1760;16
1761;1
1761;5
1762;3
1762;5
1762;9
1763;3
1763;1
1763;2
1764;5
1764;16
1764;20
1765;6
1765;8
1765;24
1766;6
1766;8
1766;24
1767;8
1768;5
1768;8
1769;6
1769;8
1769;16
1770;5
1770;6
1771;1
1771;6
1771;8
1772;5
1772;22
1773;6
1773;8
1773;16
1774;1
1774;5
1774;6
1775;6
1775;8
1775;16
1776;6
1776;8
1777;1
1777;8
1777;24
1778;6
1778;8
1778;24
1779;5
1779;23
1780;11
1780;18
1781;7
1782;5
1783;5
1783;19
1784;5
1784;17
1784;23
1785;5
1785;8
1785;19
1786;3
1786;5
1786;9
1787;3
1787;1
1787;2
1788;3
1788;1
1788;2
1789;5
1789;9
1789;10
1790;3
1790;8
1790;9
1791;3
1791;5
1792;7
1792;4
1792;8
1793;5
1794;3
1794;21
1794;5
1795;5
1795;6
1795;8
1796;8
1796;19
1797;6
1797;8
1797;16
1798;3
1798;1
1798;2
1799;5
1799;6
1800;5
1800;9
1801;5
1801;9
1801;19
1802;3
1802;6
1802;8
1803;5
1803;8
1803;9
1804;1
1804;8
1805;7
1806;5
1806;8
1806;16
1807;8
1808;8
1808;19
1809;5
1810;8
1810;9
1810;19
1811;6
1811;8
1812;8
1812;24
1813;14
1813;18
1814;8
1814;16
1814;24
1815;18
1816;3
1816;5
1816;8
1817;6
1817;8
1817;16
1818;5
1819;5
1819;9
1819;14
1820;4
1820;12
1820;16
1821;5
1821;8
1821;9
1822;6
1822;8
1822;12
1823;5
1823;6
1823;13
1824;5
1824;8
1825;8
1826;3
1826;5
1826;8
1827;5
1828;3
1828;21
1828;2
1829;5
1830;5
1830;25
1831;5
1832;5
1832;19
1833;5
1833;23
1834;5
1834;8
1834;19
1835;1
1835;22
1836;3
1836;2
1836;20
1837;1
1837;2
1837;5
1838;5
1838;8
1838;10
1839;8
1839;19
1840;6
1840;8
1840;16
1841;5
1842;3
1842;2
1842;5
1843;8
1843;9
1843;19
1844;6
1844;8
1845;3
1845;1
1845;2
1846;5
1847;5
1847;8
1847;10
1848;1
1848;2
1848;8
1849;5
1850;6
1850;8
1850;24
1851;5
1852;5
1853;3
1853;5
1853;8
1854;8
1855;18
1856;3
1856;1
1856;2
1857;5
1857;10
1857;19
1858;8
1858;19
1859;11
1859;18
1860;5
1860;8
1861;8
1861;22
1862;8
1862;16
1862;24
1863;8
1863;16
1863;24
1864;5
1865;1
1865;6
1865;8
1866;3
1866;2
1866;5
1867;5
1867;6
1868;3
1868;1
1868;2
1869;8
1869;10
1869;13
1870;5
1870;8
1871;8
1871;22
1872;5
1872;19
1873;5
1874;5
1875;5
1876;5
1876;8
1877;3
1877;5
1878;3
1878;1
1878;2
1879;8
1879;20
1879;24
1880;7
1880;18
1880;22
1881;3
1881;1
1881;2
1882;1
1882;6
1882;18
1883;5
1884;6
1884;8
1884;16
1885;3
1885;5
1885;22
1886;5
1886;8
1886;19
1887;8
1888;6
1888;8
1888;24
1889;5
1889;6
1889;16
1890;5
1890;8
1890;9
1891;5
1892;5
1893;5
1893;9
1894;5
1894;8
1894;19
1895;9
1895;20
1896;5
1897;3
1897;1
1897;2
1898;5
1898;8
1898;10
1899;8
1899;26
1900;5
1901;5
1901;11
1902;6
1902;8
1902;16
1903;1
1903;8
1903;20
1904;3
1904;21
1904;1
1905;5
1905;11
1905;17
1906;5
1907;3
1907;21
1907;1
1908;1
1908;6
1908;8
1909;7
1909;12
1910;2
1910;8
1910;26
1911;3
1911;1
1911;9
1912;3
1912;1
1912;2
1913;8
1913;19
1914;5
1914;18
1915;3
1915;5
1915;8
1916;5
1916;6
1916;8
1917;5
1917;6
1917;8
1918;8
1918;13
1918;16
1919;5
1919;19
1920;5
1920;11
1920;14
1921;6
1921;8
1921;16
1922;5
1923;1
1923;2
1923;8
1924;8
1924;10
1924;24
1925;5
1925;6
1925;8
1926;6
1926;8
1926;16
1927;8
1928;3
1928;5
1928;9
1929;6
1929;8
1929;16
1930;1
1930;6
1930;8
1931;5
1931;8
1931;19
1932;5
1932;8
1932;14
1933;1
1933;6
1933;8
1934;5
1934;19
1935;2
1935;5
1935;8
1936;2
1936;8
1936;19
1937;8
1938;3
1938;5
1938;19
1939;3
1939;1
1939;5
1940;6
1940;8
1940;24
1941;5
1941;13
1942;3
1942;5
1943;3
1943;5
1943;8
1944;5
1944;19
1945;5
1945;8
1945;10
1946;1
1946;6
1946;16
1947;1
1947;6
1947;8
1948;5
1948;8
1949;3
1949;1
1949;2
1950;2
1950;5
1950;8
1951;26
1952;1
1952;8
1952;20
1953;5
